ID,idade,renda_anual,histórico_crédito,empréstimos_ativos,saldo_conta,telefone,estado_civil,educação,qualidade_crédito,salário
0,62,73478,Ruim,0,4957.157365294658,Sim,Divorciado,Graduação,Bom,6003.9494865544875
1,65,65560,Médio,3,21062.4287964611,Não,Divorciado,Graduação,Ruim,2468.6561853895464
2,18,91592,Médio,3,32650.005498929357,Sim,Casado,Graduação,Bom,8220.50555464431
3,21,88246,Médio,0,3818.8512362615884,Sim,Solteiro,Pós-Graduação,Médio,6309.666028520938
4,21,105022,Médio,2,14619.723853555177,Sim,Solteiro,Graduação,Bom,5445.211618147088
5,57,34591,Médio,4,41636.896721408266,Sim,Solteiro,Ensino Médio,Médio,8519.137764376472
6,27,43059,Bom,1,31955.23230551469,Sim,Divorciado,Graduação,Bom,3575.0775285045347
7,37,62756,Bom,0,9525.023604738819,Não,Divorciado,Ensino Médio,Bom,4173.450865053958
8,39,92554,Ruim,2,7206.399585447547,Não,Divorciado,Graduação,Bom,7117.816349852898
9,68,104554,Bom,2,45128.73633624589,Sim,Casado,Graduação,Ruim,5120.464298414932
10,54,52891,Médio,2,13638.031288390202,Sim,Casado,Pós-Graduação,Bom,4424.554313646189
11,41,51958,Médio,0,8154.508613830145,Sim,Casado,Pós-Graduação,Bom,4036.927480812158
12,24,59228,Bom,0,49998.164945672725,Não,Divorciado,Pós-Graduação,Bom,5885.8462933030205
13,42,80133,Ruim,2,14768.7832166732,Sim,Casado,Ensino Médio,Bom,8204.29497840775
14,42,115482,Ruim,2,5361.749578277549,Não,Casado,Ensino Médio,Ruim,8442.60766414055
15,30,38013,Bom,0,22549.6391174003,Sim,Divorciado,Ensino Médio,Ruim,8324.55760548374
16,19,49353,Médio,4,21151.600620122586,Não,Divorciado,Graduação,Bom,9085.162005392202
17,56,91208,Médio,0,46266.926267346884,Sim,Divorciado,Graduação,Bom,2405.934645115372
18,57,79580,Ruim,3,5844.452321291542,Sim,Solteiro,Graduação,Bom,9857.734879280091
19,41,29425,Bom,2,3647.9567125946487,Sim,Casado,Graduação,Ruim,5411.6919343087775
20,64,49363,Médio,4,3741.9122162406857,Sim,Casado,Pós-Graduação,Médio,3543.856863566236
21,42,54088,Ruim,1,45118.660756934056,Não,Divorciado,Graduação,Bom,9760.182266941052
22,35,29694,Ruim,0,21917.828076014932,Sim,Divorciado,Ensino Médio,Bom,8601.458583009055
23,55,60542,Bom,2,6680.932935916509,Sim,Solteiro,Ensino Médio,Médio,9437.788419070544
24,43,64709,Ruim,0,29285.33501734382,Não,Casado,Graduação,Bom,6185.2298060301055
25,31,73630,Médio,1,26418.791138192435,Sim,Divorciado,Pós-Graduação,Bom,7981.934796923309
26,26,117552,Ruim,0,9118.744135193865,Sim,Solteiro,Pós-Graduação,Bom,6155.712302194268
27,27,27011,Ruim,4,29754.94511074492,Sim,Casado,Pós-Graduação,Médio,6315.600910491645
28,38,76487,Ruim,1,16351.792950164225,Sim,Divorciado,Pós-Graduação,Ruim,9612.007715256288
29,69,60605,Bom,3,11156.909154274368,Sim,Casado,Graduação,Bom,7906.8558691367825
30,34,77852,Médio,3,25030.431155850434,Não,Solteiro,Pós-Graduação,Bom,6534.2224547799415
31,69,39521,Ruim,2,13874.112337335768,Não,Casado,Pós-Graduação,Ruim,5141.88211545712
32,23,36151,Bom,3,10329.136009821874,Não,Solteiro,Graduação,Bom,3314.62110891529
33,33,54176,Ruim,0,43865.84282328338,Sim,Divorciado,Ensino Médio,Bom,2925.8429966033373
34,65,119415,Médio,4,6943.891405244282,Sim,Solteiro,Graduação,Bom,4397.329164292976
35,18,41871,Ruim,3,13310.088841526456,Não,Divorciado,Ensino Médio,Bom,7542.4347615785955
36,36,112607,Bom,2,18693.05737234111,Não,Solteiro,Graduação,Médio,3532.420950125677
37,53,47034,Ruim,0,12955.553825301165,Sim,Casado,Pós-Graduação,Bom,3051.6970927256493
38,42,73977,Ruim,2,9746.24277146625,Sim,Divorciado,Pós-Graduação,Ruim,2622.0590157851193
39,67,99193,Ruim,2,38328.45094978399,Não,Solteiro,Pós-Graduação,Médio,8769.995040321279
40,69,67320,Bom,4,15779.824094902655,Não,Casado,Ensino Médio,Bom,3929.518574083767
41,47,70679,Ruim,4,4738.160842666261,Sim,Casado,Ensino Médio,Ruim,3606.8037126876256
42,37,79855,Ruim,2,26585.653285291486,Sim,Solteiro,Graduação,Médio,5126.830943140574
43,37,111237,Bom,2,5399.913359056926,Não,Casado,Ensino Médio,Bom,7035.889603885819
44,32,103241,Bom,3,17233.499979487326,Sim,Divorciado,Graduação,Bom,6690.078057878422
45,57,79281,Médio,3,43973.164875886476,Não,Casado,Graduação,Ruim,9389.262455040362
46,50,56720,Bom,1,17827.220950417206,Sim,Casado,Ensino Médio,Bom,7455.777043052378
47,19,103054,Ruim,4,31257.957688700753,Não,Solteiro,Graduação,Ruim,6495.772400780757
48,27,72677,Ruim,3,25245.902336440195,Não,Divorciado,Pós-Graduação,Médio,7692.785337799458
49,50,22963,Bom,2,6023.967134676756,Não,Solteiro,Ensino Médio,Médio,7309.787904720958
50,49,108815,Médio,3,32102.549487332595,Não,Divorciado,Pós-Graduação,Bom,8139.826553823696
51,28,66870,Bom,1,42657.78484362412,Sim,Divorciado,Graduação,Ruim,6579.4105027864625
52,41,80781,Médio,3,3753.8361763125467,Sim,Casado,Ensino Médio,Bom,8458.326360439067
53,53,60843,Bom,2,37437.68454561937,Sim,Casado,Pós-Graduação,Médio,9200.458439482754
54,29,35265,Médio,3,34200.775357467886,Não,Casado,Graduação,Médio,7571.814635316533
55,68,44455,Médio,3,43199.68932485444,Sim,Casado,Ensino Médio,Médio,4860.958864335057
56,46,46743,Ruim,4,4308.688538806818,Sim,Solteiro,Ensino Médio,Bom,4239.825884822864
57,52,89914,Médio,4,14590.464349230619,Sim,Solteiro,Pós-Graduação,Ruim,7097.485321695252
58,18,45136,Ruim,1,34408.86584854508,Sim,Divorciado,Pós-Graduação,Médio,7051.433106195697
59,18,96999,Bom,1,122.91692321916253,Sim,Casado,Graduação,Bom,2191.284510813033
60,54,65295,Bom,3,36437.85956425492,Não,Divorciado,Graduação,Bom,7976.875117022369
61,23,104662,Bom,4,42756.90752905717,Não,Solteiro,Ensino Médio,Bom,3774.995894622004
62,56,89988,Bom,4,22118.506671214633,Sim,Casado,Ensino Médio,Médio,2435.9212971234906
63,58,111986,Bom,3,21150.825074759257,Não,Casado,Graduação,Médio,3225.593660499289
64,35,92279,Ruim,4,13201.917065537666,Não,Casado,Pós-Graduação,Bom,7254.247107789811
65,33,91166,Bom,0,-742.354629740546,Não,Solteiro,Pós-Graduação,Ruim,6184.437504790076
66,22,71714,Médio,2,8501.479349984158,Sim,Divorciado,Ensino Médio,Bom,8775.501933039099
67,59,64296,Ruim,0,48973.07003954093,Não,Casado,Ensino Médio,Bom,2850.0219999279234
68,60,46885,Médio,0,43231.589933189185,Sim,Casado,Pós-Graduação,Médio,8636.133124467528
69,49,92614,Ruim,0,12591.736576194991,Sim,Divorciado,Graduação,Médio,7207.343199759061
70,19,28804,Médio,4,48151.191713173364,Não,Divorciado,Ensino Médio,Ruim,3719.4363512009163
71,19,106465,Ruim,3,17753.34341361758,Sim,Divorciado,Ensino Médio,Médio,7895.244925376451
72,57,118875,Bom,1,14176.854112310184,Não,Casado,Ensino Médio,Ruim,7930.666303367109
73,59,40132,Ruim,2,6793.1894079441445,Sim,Casado,Ensino Médio,Médio,2864.01267585906
74,53,70053,Ruim,2,44982.164545044376,Não,Casado,Ensino Médio,Bom,4131.574488168075
75,56,64707,Médio,0,49336.617044409824,Não,Divorciado,Ensino Médio,Bom,7110.9192314146585
76,29,42616,Ruim,1,15697.981606686804,Sim,Casado,Pós-Graduação,Bom,5044.597304126651
77,64,101841,Ruim,3,34874.95159127977,Não,Solteiro,Pós-Graduação,Bom,8121.959568198408
78,36,58607,Bom,1,16100.473900287288,Não,Casado,Graduação,Ruim,6288.339526461004
79,45,117620,Médio,1,4354.527704578216,Sim,Divorciado,Pós-Graduação,Médio,8855.976598646143
80,18,42898,Ruim,2,19027.30765099852,Sim,Solteiro,Pós-Graduação,Ruim,2888.208123263306
81,32,29481,Médio,4,27130.067998819977,Sim,Divorciado,Graduação,Ruim,7869.974179699201
82,53,60068,Ruim,0,5273.8547180012065,Não,Casado,Ensino Médio,Ruim,5717.119760551741
83,30,84433,Ruim,4,40731.91151427782,Não,Solteiro,Pós-Graduação,Ruim,6155.12764659709
84,60,105016,Médio,2,24365.518961557766,Não,Casado,Pós-Graduação,Ruim,4272.364496977397
85,38,95358,Bom,1,10953.530577733221,Não,Divorciado,Graduação,Bom,4152.505229460896
86,29,73123,Ruim,0,29230.73850569011,Sim,Casado,Graduação,Bom,3518.430523107063
87,22,40045,Ruim,3,39456.22460877451,Não,Casado,Pós-Graduação,Médio,4986.765460470194
88,24,21291,Ruim,3,15708.841801650764,Não,Divorciado,Ensino Médio,Médio,3911.902759939975
89,22,77741,Médio,1,34775.29254443031,Não,Divorciado,Ensino Médio,Bom,3517.82461038914
90,65,55300,Bom,4,20820.818179015056,Sim,Casado,Graduação,Médio,9694.36730084793
91,21,54897,Ruim,4,48166.60961112565,Sim,Divorciado,Graduação,Médio,5579.314259861271
92,30,45754,Ruim,0,38317.944416739316,Sim,Casado,Ensino Médio,Médio,7424.978660904975
93,54,32230,Ruim,2,17173.89602862307,Não,Casado,Pós-Graduação,Bom,4993.185268061433
94,58,70863,Médio,4,-94.85408785013419,Não,Solteiro,Pós-Graduação,Bom,6558.349950451099
95,32,50306,Médio,3,32533.514664401824,Sim,Casado,Graduação,Bom,5993.616872269061
96,33,82997,Médio,3,9091.480087827467,Sim,Casado,Pós-Graduação,Ruim,6901.505186806326
97,38,32180,Médio,3,5215.837958105771,Sim,Divorciado,Ensino Médio,Bom,7781.830035591401
98,53,25802,Bom,4,46520.599021236485,Sim,Solteiro,Pós-Graduação,Ruim,7311.273646010512
99,41,28058,Médio,1,49997.39748096075,Sim,Solteiro,Graduação,Bom,8096.827109197615
100,33,37553,Médio,4,12764.329848783642,Sim,Solteiro,Graduação,Bom,3170.4352632980226
101,31,114821,Ruim,4,14390.196160462838,Sim,Casado,Graduação,Ruim,2752.249124028343
102,39,40441,Médio,0,7414.435901146604,Não,Solteiro,Pós-Graduação,Ruim,4711.195464634055
103,66,113428,Bom,2,22341.92357241081,Não,Solteiro,Ensino Médio,Bom,5854.6228870007235
104,67,59381,Bom,4,43158.03175162313,Não,Divorciado,Pós-Graduação,Ruim,3795.220691434589
105,23,101508,Ruim,4,34776.80355836877,Não,Divorciado,Pós-Graduação,Médio,8185.796239759584
106,59,113380,Bom,2,42162.90946190597,Não,Casado,Graduação,Bom,7756.447553784732
107,53,24207,Médio,3,10652.564439352604,Sim,Casado,Pós-Graduação,Bom,9308.631346374408
108,18,91777,Médio,2,36253.25943783249,Não,Casado,Pós-Graduação,Médio,7831.681581162615
109,49,38670,Bom,4,45844.85804819907,Sim,Divorciado,Graduação,Médio,2857.1625428951756
110,23,116659,Bom,1,13352.22182493391,Não,Solteiro,Graduação,Ruim,7319.958590672499
111,48,101776,Médio,0,34223.330723150444,Não,Solteiro,Ensino Médio,Ruim,5296.474701692923
112,18,107051,Ruim,0,19433.527996182576,Sim,Solteiro,Pós-Graduação,Bom,4076.918217093151
113,67,59905,Médio,2,13801.558903105053,Não,Divorciado,Ensino Médio,Bom,6815.611379215977
114,68,66617,Ruim,2,48450.79690647182,Sim,Divorciado,Graduação,Bom,4417.521338714616
115,54,91007,Ruim,3,16780.294728382927,Não,Divorciado,Pós-Graduação,Médio,6246.8506054470035
116,52,34937,Bom,0,4500.3337442950515,Sim,Divorciado,Ensino Médio,Ruim,6607.819082851274
117,66,32120,Ruim,2,18818.049690637115,Não,Solteiro,Pós-Graduação,Médio,6232.53532254039
118,47,47117,Médio,4,21831.5928389591,Sim,Solteiro,Pós-Graduação,Bom,2085.492162028223
119,21,88134,Médio,4,37362.75210046113,Sim,Divorciado,Graduação,Médio,4789.9113133359915
120,52,56915,Bom,1,47445.62761429714,Sim,Divorciado,Pós-Graduação,Ruim,8323.698114261364
121,60,74019,Ruim,1,40669.906173504845,Não,Solteiro,Ensino Médio,Bom,4775.1651531691205
122,31,65486,Médio,2,46478.00687401041,Sim,Casado,Graduação,Ruim,6075.035998184245
123,66,27802,Ruim,3,23228.066628721484,Não,Casado,Pós-Graduação,Bom,4773.056637530111
124,57,74685,Médio,3,35685.14498005815,Não,Divorciado,Ensino Médio,Médio,3593.9032599076145
125,39,49442,Médio,3,14761.528835632524,Não,Divorciado,Pós-Graduação,Bom,3598.0277653222947
126,27,86181,Médio,3,2548.9425344699152,Não,Casado,Pós-Graduação,Bom,7990.876677123216
127,18,24039,Médio,0,17639.14979162567,Não,Divorciado,Ensino Médio,Ruim,7023.621277094688
128,28,108910,Bom,3,34593.67664474318,Sim,Casado,Ensino Médio,Médio,9456.456328711665
129,68,29635,Bom,1,13005.72762265023,Não,Solteiro,Graduação,Ruim,5368.037279496299
130,61,42708,Ruim,1,42931.70067771757,Não,Solteiro,Graduação,Médio,7092.538074980191
131,41,41863,Ruim,0,39329.415349127994,Sim,Divorciado,Pós-Graduação,Bom,5748.316606719867
132,20,108327,Bom,2,8896.17000841475,Sim,Casado,Graduação,Ruim,5791.502982952496
133,52,63699,Médio,4,15872.674887031142,Não,Divorciado,Pós-Graduação,Bom,8832.699004807018
134,53,97158,Ruim,1,41090.43349500368,Sim,Divorciado,Graduação,Bom,5634.421949988082
135,48,86297,Ruim,1,11440.82726507627,Não,Solteiro,Pós-Graduação,Médio,9425.334405050271
136,21,94675,Bom,0,15911.709429023664,Sim,Casado,Graduação,Bom,6964.058057181114
137,36,40381,Ruim,1,16496.413553577422,Não,Casado,Graduação,Médio,2683.394343769149
138,64,53393,Bom,4,39853.1434191141,Sim,Divorciado,Pós-Graduação,Médio,2543.8633284072357
139,53,79843,Médio,0,888.543545855855,Sim,Solteiro,Ensino Médio,Ruim,9858.513698757448
140,38,97690,Ruim,3,2763.136139192129,Não,Casado,Graduação,Ruim,5194.8750883582525
141,35,56151,Médio,3,28501.028956309816,Sim,Casado,Pós-Graduação,Médio,6699.670654804573
142,68,85112,Médio,3,19252.7115407994,Não,Divorciado,Pós-Graduação,Bom,5452.688557361538
143,45,22555,Bom,4,31277.151300146088,Não,Solteiro,Pós-Graduação,Médio,3271.1715079568557
144,32,101148,Médio,2,12589.525085148527,Sim,Casado,Ensino Médio,Médio,3004.4136244074703
145,59,73752,Bom,1,45388.7165515596,Não,Solteiro,Ensino Médio,Médio,3701.569220999666
146,19,116068,Bom,4,37808.03624589726,Sim,Divorciado,Graduação,Bom,6842.702489836445
147,54,80533,Ruim,2,2455.0572480701976,Sim,Divorciado,Pós-Graduação,Bom,6372.26869900607
148,28,34707,Médio,0,38979.17934153674,Não,Casado,Ensino Médio,Bom,4628.707458292039
149,40,52214,Bom,4,48448.700987924814,Sim,Solteiro,Ensino Médio,Bom,2353.3939176653453
150,61,90841,Ruim,0,47064.21664996112,Não,Casado,Ensino Médio,Ruim,4592.224400897828
151,58,116605,Bom,2,36509.67369929783,Não,Casado,Ensino Médio,Médio,5186.426589219223
152,29,33195,Médio,4,5303.281427541995,Não,Solteiro,Pós-Graduação,Ruim,8051.390263472542
153,20,93298,Médio,1,28379.91505786316,Sim,Divorciado,Graduação,Médio,7899.871915947387
154,69,81401,Ruim,2,13495.869170864928,Não,Solteiro,Ensino Médio,Bom,3771.2647722882602
155,34,56076,Ruim,1,48480.860125448606,Sim,Solteiro,Graduação,Médio,3821.3916159539895
156,50,114211,Ruim,0,35591.771993442075,Não,Casado,Ensino Médio,Médio,7023.0626191021565
157,18,118469,Ruim,1,30149.045079158383,Não,Divorciado,Ensino Médio,Bom,7214.2107791623175
158,56,54183,Ruim,4,34449.49017284104,Sim,Divorciado,Graduação,Ruim,6488.822208564153
159,37,70973,Médio,4,21336.935584593706,Não,Casado,Graduação,Ruim,2895.7710426223503
160,64,96745,Ruim,3,18009.57432331794,Sim,Casado,Pós-Graduação,Médio,4285.7611871327235
161,60,117040,Ruim,1,46725.778551438176,Não,Divorciado,Pós-Graduação,Bom,2253.625691688585
162,69,27228,Ruim,3,15928.28387442702,Sim,Casado,Pós-Graduação,Bom,8092.753179781227
163,58,80027,Ruim,2,1113.242718368685,Sim,Solteiro,Pós-Graduação,Bom,8452.02741891588
164,31,77447,Médio,0,19442.847861877326,Não,Solteiro,Graduação,Ruim,9363.844795289799
165,48,66783,Médio,2,39307.35798370528,Não,Casado,Graduação,Ruim,2703.3245342723635
166,42,119003,Bom,0,32071.886260494895,Não,Solteiro,Ensino Médio,Bom,9249.7036497963
167,20,108193,Ruim,1,48070.709549371604,Sim,Casado,Graduação,Bom,9347.401784217487
168,21,34226,Ruim,4,4416.29524857602,Sim,Divorciado,Ensino Médio,Bom,9981.647939457474
169,48,97493,Médio,1,45488.86141369855,Sim,Casado,Pós-Graduação,Bom,8223.108544354425
170,52,33596,Médio,0,17811.30888961717,Sim,Divorciado,Ensino Médio,Médio,4101.102685128421
171,61,102368,Médio,3,23174.131856517528,Sim,Casado,Pós-Graduação,Bom,4116.470957751508
172,31,97528,Ruim,0,20852.589878950956,Sim,Casado,Ensino Médio,Bom,7505.735021671955
173,66,50281,Bom,3,4939.066335714513,Sim,Solteiro,Pós-Graduação,Ruim,7437.8612932973665
174,58,68008,Bom,2,11637.619241984625,Não,Solteiro,Graduação,Ruim,7282.633604763768
175,26,44530,Médio,4,36855.85003071939,Sim,Solteiro,Pós-Graduação,Médio,4824.966945923963
176,37,23467,Médio,2,173.3846341304552,Sim,Solteiro,Pós-Graduação,Bom,6158.378226243659
177,49,30716,Médio,1,5828.276493700001,Não,Casado,Ensino Médio,Médio,4411.979833070394
178,26,42901,Médio,3,285.71860835885377,Não,Solteiro,Graduação,Médio,6774.32572333055
179,44,80241,Bom,3,42726.79092350101,Sim,Casado,Ensino Médio,Bom,8179.217418021683
180,20,49111,Bom,2,30483.566216870764,Sim,Casado,Graduação,Bom,7589.570237877157
181,21,88623,Médio,4,7666.361768046501,Não,Divorciado,Graduação,Médio,5460.042626278442
182,62,20131,Bom,4,38207.38337574143,Sim,Casado,Pós-Graduação,Ruim,6197.827208450409
183,32,82570,Médio,2,48306.83047002924,Não,Solteiro,Pós-Graduação,Médio,8179.347973274868
184,50,79864,Bom,4,46662.579101030926,Não,Divorciado,Pós-Graduação,Bom,3862.8232732268916
185,22,114010,Ruim,1,45998.92493842043,Sim,Divorciado,Ensino Médio,Médio,3770.3887920123816
186,21,97525,Ruim,0,-601.6790143070955,Sim,Divorciado,Ensino Médio,Bom,5879.894505088299
187,63,21614,Bom,3,29039.687938249204,Não,Casado,Graduação,Médio,5953.09182624534
188,29,55695,Médio,3,12088.263448590493,Sim,Solteiro,Ensino Médio,Médio,2187.7819834561346
189,40,110945,Bom,3,27797.007929802796,Sim,Divorciado,Pós-Graduação,Bom,6655.570711200848
190,31,57708,Médio,0,15219.544747188287,Não,Casado,Ensino Médio,Ruim,5341.931458404519
191,63,86827,Médio,1,6836.993681403243,Não,Casado,Ensino Médio,Médio,6611.037639885091
192,29,111417,Médio,2,21669.179891275682,Sim,Divorciado,Graduação,Bom,9318.589391512594
193,34,103303,Médio,4,24249.912685995045,Sim,Solteiro,Pós-Graduação,Médio,4664.944664313962
194,42,78202,Bom,4,49478.040849228855,Não,Casado,Ensino Médio,Bom,2862.6867539835885
195,47,24845,Bom,0,1161.7820910655455,Não,Divorciado,Ensino Médio,Médio,3652.1495103166117
196,39,41922,Ruim,3,14358.915143761107,Sim,Casado,Graduação,Bom,4452.2964632977455
197,64,72222,Médio,4,42446.58609950446,Sim,Solteiro,Graduação,Médio,8907.760767624783
198,43,96304,Ruim,2,32644.470404428183,Não,Solteiro,Graduação,Bom,6392.594336909843
199,34,88129,Bom,4,41160.83462414069,Não,Solteiro,Pós-Graduação,Ruim,9960.656532009392
200,37,76492,Bom,3,32674.83684654867,Não,Solteiro,Graduação,Médio,4280.256127524047
201,51,119814,Médio,2,37736.351766452775,Não,Casado,Ensino Médio,Bom,2549.814528950952
202,58,61768,Bom,3,24139.00924984992,Sim,Solteiro,Ensino Médio,Bom,4409.505090282306
203,50,46952,Médio,3,9448.762337777473,Não,Divorciado,Pós-Graduação,Bom,9940.75945958382
204,54,86666,Ruim,0,40310.19690269719,Sim,Solteiro,Graduação,Médio,7944.793317905049
205,24,53363,Médio,3,27958.853387862426,Não,Solteiro,Pós-Graduação,Ruim,9320.490797198283
206,39,90386,Bom,2,6114.764883128314,Sim,Divorciado,Pós-Graduação,Bom,6758.757869671684
207,49,106935,Bom,0,40049.59537041417,Sim,Solteiro,Pós-Graduação,Bom,4202.907603038588
208,31,91071,Bom,0,47887.88142849149,Sim,Solteiro,Pós-Graduação,Bom,9635.451031659046
209,25,61622,Ruim,2,16654.357504051757,Sim,Divorciado,Graduação,Médio,3833.2516189983344
210,42,43616,Médio,0,13969.124856408618,Não,Solteiro,Pós-Graduação,Bom,5176.912272262516
211,33,84799,Ruim,2,3170.5340885858704,Não,Casado,Pós-Graduação,Ruim,4347.102456155533
212,59,118383,Bom,4,32889.0525489202,Não,Casado,Pós-Graduação,Bom,7147.672393946554
213,36,77427,Médio,0,47907.04254332133,Sim,Solteiro,Ensino Médio,Médio,5344.077807661406
214,58,63827,Ruim,4,5935.627189571989,Sim,Casado,Graduação,Médio,9656.86566675618
215,33,85017,Médio,0,23743.14119728509,Não,Divorciado,Pós-Graduação,Ruim,9739.360629756695
216,29,64428,Bom,3,4010.1474173156403,Não,Casado,Ensino Médio,Bom,2775.3121441149215
217,56,112845,Ruim,2,739.6050892006065,Sim,Solteiro,Graduação,Médio,9426.664740309508
218,65,25130,Médio,3,32889.553584049914,Não,Solteiro,Pós-Graduação,Bom,8383.968121372372
219,47,74772,Médio,4,43252.045942518394,Não,Solteiro,Graduação,Bom,7698.69948906941
220,19,61808,Bom,2,16216.097342427514,Sim,Solteiro,Graduação,Médio,4902.287850827113
221,49,113254,Bom,2,43664.023894915066,Sim,Divorciado,Graduação,Bom,7436.457918919943
222,62,87267,Bom,4,4969.708056702627,Não,Solteiro,Pós-Graduação,Bom,8485.331471366146
223,42,70512,Ruim,2,11135.994777791288,Sim,Divorciado,Pós-Graduação,Ruim,8643.397967658402
224,42,107360,Ruim,2,44981.94307224264,Sim,Divorciado,Graduação,Bom,8446.20494802443
225,21,62113,Médio,0,24934.004578224183,Sim,Solteiro,Ensino Médio,Bom,4560.188720477994
226,36,46418,Médio,1,30017.81157364823,Não,Casado,Graduação,Ruim,3480.103936194674
227,65,100736,Ruim,3,938.9298596679037,Sim,Casado,Pós-Graduação,Bom,6350.2028049832725
228,21,102283,Médio,1,5547.885417542335,Não,Casado,Pós-Graduação,Bom,4033.8081672353765
229,60,24562,Ruim,2,1845.3314375435111,Não,Solteiro,Pós-Graduação,Bom,8279.881458651129
230,30,28889,Médio,1,45155.03773743313,Não,Casado,Pós-Graduação,Ruim,2357.359892189784
231,56,105398,Ruim,0,5874.5431574182985,Não,Divorciado,Graduação,Bom,5403.268381236224
232,53,60719,Médio,4,42333.31415704648,Sim,Casado,Ensino Médio,Bom,8228.704232181502
233,40,29103,Médio,4,16902.76966799511,Não,Divorciado,Graduação,Médio,2644.4728327011803
234,23,88935,Ruim,1,39830.472314654784,Sim,Casado,Pós-Graduação,Bom,7495.833162286829
235,41,99131,Bom,0,17617.220920294116,Não,Divorciado,Graduação,Bom,3848.506051978438
236,61,34552,Ruim,4,12651.8860243367,Não,Casado,Ensino Médio,Médio,3019.151142391339
237,50,24409,Ruim,1,3776.6957606419182,Sim,Casado,Ensino Médio,Bom,4463.0948366707125
238,29,72026,Bom,1,13316.03611928082,Não,Divorciado,Graduação,Médio,2154.6899839534194
239,58,63224,Médio,3,23045.465552581278,Sim,Casado,Ensino Médio,Bom,7040.179978294588
240,38,116204,Bom,0,40692.94874373657,Sim,Casado,Graduação,Médio,4663.271063120758
241,28,38701,Bom,3,22078.26269320359,Sim,Casado,Graduação,Médio,9949.689595691187
242,61,26034,Bom,1,48543.21432181849,Não,Solteiro,Ensino Médio,Bom,2782.714775565146
243,55,93678,Médio,3,26623.28355359597,Não,Solteiro,Pós-Graduação,Bom,9159.074206736295
244,46,75060,Ruim,3,272.22712038361533,Não,Casado,Graduação,Ruim,5983.661989513026
245,65,25703,Bom,1,20183.732309754894,Sim,Casado,Ensino Médio,Médio,2941.6057527440903
246,58,50391,Médio,4,34133.8544767122,Sim,Solteiro,Graduação,Bom,8848.938729189573
247,20,113484,Médio,2,10948.873958741064,Não,Divorciado,Ensino Médio,Bom,2888.364509214818
248,45,50955,Ruim,4,34630.12749325609,Não,Casado,Ensino Médio,Médio,7166.8742461037755
249,37,109333,Ruim,0,24688.56256425733,Não,Casado,Graduação,Bom,3961.7405008777096
250,43,72315,Bom,4,312.62655473888003,Sim,Divorciado,Graduação,Médio,5592.940353650643
251,41,42572,Médio,1,38492.00042349049,Não,Divorciado,Graduação,Bom,6584.159384523489
252,69,27951,Ruim,3,27579.05889451783,Sim,Divorciado,Pós-Graduação,Ruim,9357.4036767012
253,64,103543,Bom,0,3207.1686571357623,Não,Casado,Pós-Graduação,Ruim,4276.110083900896
254,38,91627,Médio,0,23235.91570657592,Não,Divorciado,Graduação,Ruim,5101.558772226333
255,47,54381,Médio,0,13651.936970512079,Não,Divorciado,Ensino Médio,Ruim,3596.7661663297426
256,21,61470,Ruim,3,43863.758671984586,Sim,Solteiro,Graduação,Médio,4748.973082620035
257,53,27581,Médio,4,13531.279693169685,Sim,Divorciado,Ensino Médio,Bom,3006.4946233752776
258,57,107647,Médio,3,47026.04061968414,Não,Casado,Ensino Médio,Ruim,6384.667169163291
259,27,114318,Ruim,2,26852.77021670274,Não,Casado,Graduação,Bom,6473.852910312409
260,27,101618,Médio,0,15504.299186882785,Sim,Solteiro,Graduação,Bom,6986.985089723654
261,59,60580,Médio,1,40490.795888296445,Não,Casado,Graduação,Ruim,3842.819037103214
262,41,114748,Bom,3,34567.41929665406,Não,Casado,Graduação,Médio,5458.845222833205
263,21,112209,Médio,0,20112.087280489854,Sim,Solteiro,Pós-Graduação,Bom,2331.4326997516437
264,64,90577,Ruim,3,31110.53343803625,Sim,Divorciado,Graduação,Bom,2322.053500860271
265,44,104311,Médio,3,38707.797465442345,Sim,Divorciado,Graduação,Bom,4475.702867104427
266,68,27209,Ruim,4,42429.44750845795,Não,Casado,Ensino Médio,Bom,5913.143609396416
267,62,29690,Ruim,3,40637.04839941725,Sim,Solteiro,Pós-Graduação,Médio,7543.792145298508
268,21,59855,Médio,1,7469.931518264317,Não,Divorciado,Ensino Médio,Bom,8069.387720116974
269,49,71473,Ruim,2,41247.86717768286,Não,Casado,Ensino Médio,Médio,5214.2478403673595
270,27,116934,Bom,2,1990.0820030723785,Não,Divorciado,Ensino Médio,Bom,8044.8513727626805
271,28,21344,Ruim,3,9208.704759078999,Não,Casado,Graduação,Médio,7820.832085258625
272,45,36620,Bom,3,30769.262723365446,Sim,Divorciado,Pós-Graduação,Ruim,7059.7933643077895
273,63,49334,Ruim,3,4849.318797792122,Não,Divorciado,Ensino Médio,Bom,3133.0380891896284
274,25,58986,Médio,2,29770.727347866203,Não,Casado,Ensino Médio,Bom,4297.951908615409
275,57,37570,Ruim,3,14706.250259541752,Sim,Divorciado,Pós-Graduação,Médio,6271.0140140989315
276,39,81096,Ruim,4,20902.795842887062,Não,Casado,Ensino Médio,Ruim,8511.455469985089
277,51,72214,Ruim,3,15072.726675719381,Sim,Solteiro,Graduação,Bom,5226.510534777286
278,62,107701,Bom,1,2578.8519611101283,Sim,Divorciado,Ensino Médio,Médio,9736.5299715014
279,52,109890,Bom,1,24538.696399020006,Sim,Solteiro,Graduação,Médio,7323.204557901085
280,52,61333,Bom,2,48143.57166413926,Sim,Casado,Pós-Graduação,Ruim,4504.445096837544
281,42,64192,Bom,1,30200.950756166483,Não,Divorciado,Graduação,Bom,6491.47264132537
282,51,111519,Bom,2,14301.62545247339,Não,Divorciado,Pós-Graduação,Ruim,5000.589451773883
283,23,68428,Médio,1,47763.64154032498,Sim,Divorciado,Pós-Graduação,Médio,9295.84915511084
284,58,86147,Ruim,2,18851.099849563594,Não,Solteiro,Graduação,Ruim,2386.777552010942
285,54,43289,Ruim,0,34573.40442731102,Não,Divorciado,Ensino Médio,Bom,3831.3242802252153
286,18,67975,Médio,1,31339.753051044656,Sim,Divorciado,Ensino Médio,Médio,2772.532247607679
287,29,23995,Médio,3,47598.45324998143,Sim,Casado,Ensino Médio,Bom,8444.957535586655
288,52,66843,Médio,2,45644.737419236684,Não,Divorciado,Ensino Médio,Ruim,3528.635219597332
289,23,22352,Médio,2,6548.206873851593,Não,Divorciado,Ensino Médio,Bom,7942.77904785664
290,34,74655,Bom,4,3369.979611200545,Não,Solteiro,Graduação,Médio,6492.771952930809
291,26,38058,Ruim,0,40291.75871774031,Sim,Solteiro,Pós-Graduação,Bom,8641.727881895142
292,19,66404,Médio,0,45152.103878137976,Sim,Divorciado,Ensino Médio,Bom,9959.590341529714
293,35,95025,Médio,3,24141.653800067874,Não,Solteiro,Pós-Graduação,Bom,3233.894292451214
294,66,43299,Ruim,2,34228.82496552253,Não,Divorciado,Ensino Médio,Médio,3203.3386517463096
295,53,30525,Médio,0,2559.2022890993285,Não,Divorciado,Ensino Médio,Médio,7089.72426710191
296,45,98438,Bom,0,10210.024290680065,Sim,Divorciado,Ensino Médio,Bom,2290.434984035694
297,58,119963,Bom,4,6618.185927492778,Não,Divorciado,Graduação,Bom,8539.3436015907
298,54,41707,Bom,3,29659.189761051734,Não,Divorciado,Pós-Graduação,Médio,5013.114334796995
299,66,114658,Médio,3,9074.534582071465,Sim,Solteiro,Graduação,Médio,5191.477783409759
300,43,72701,Ruim,0,2052.162093093382,Não,Casado,Pós-Graduação,Bom,6576.366502659747
301,21,93020,Médio,1,14412.571419536547,Não,Divorciado,Ensino Médio,Médio,4736.763126136605
302,57,112807,Ruim,4,33537.83388481159,Não,Divorciado,Ensino Médio,Bom,4401.881919343774
303,53,59603,Bom,1,28471.04993735458,Sim,Divorciado,Ensino Médio,Ruim,3639.7537507661937
304,68,26388,Bom,4,15866.973240226427,Sim,Divorciado,Graduação,Médio,7750.571762481878
305,48,63593,Ruim,1,41507.4226680122,Sim,Solteiro,Pós-Graduação,Bom,8148.9004867035665
306,47,34272,Médio,3,13089.72450861657,Não,Divorciado,Pós-Graduação,Bom,6864.821312429722
307,67,83472,Médio,2,12287.929556649813,Sim,Casado,Pós-Graduação,Bom,3888.2704109798406
308,51,114609,Médio,3,27557.317950269,Sim,Casado,Graduação,Bom,7558.0715458803
309,36,36627,Bom,0,23388.997632134557,Sim,Divorciado,Pós-Graduação,Ruim,3262.871249156846
310,35,55349,Médio,1,21744.605690618395,Não,Divorciado,Pós-Graduação,Bom,9026.25969375512
311,47,50302,Ruim,0,6945.066566657426,Sim,Divorciado,Graduação,Bom,5570.608467545936
312,38,55983,Médio,3,24736.955773282545,Não,Casado,Graduação,Bom,5806.890191426621
313,20,55568,Médio,1,12209.964781047656,Não,Solteiro,Pós-Graduação,Médio,3633.1855236004244
314,23,108330,Ruim,4,19001.174013569784,Sim,Solteiro,Pós-Graduação,Ruim,6924.088969063228
315,55,38065,Ruim,2,36412.09283120092,Sim,Solteiro,Graduação,Ruim,9880.391078739583
316,30,100003,Bom,3,46780.004103527135,Sim,Casado,Graduação,Bom,6712.803880336832
317,62,72199,Bom,3,38467.011224655536,Não,Casado,Graduação,Médio,7218.7612364323095
318,20,52329,Médio,2,19687.32862578645,Sim,Solteiro,Graduação,Médio,4307.913327484368
319,65,37181,Médio,3,29244.69010576696,Sim,Divorciado,Graduação,Bom,4606.811264338654
320,45,109283,Bom,1,37071.3886096609,Sim,Divorciado,Graduação,Ruim,3570.8447205642697
321,39,57328,Médio,1,20125.273554890467,Sim,Solteiro,Ensino Médio,Médio,6116.813375740188
322,57,31908,Médio,3,17372.656099427357,Não,Solteiro,Pós-Graduação,Bom,3183.796613292795
323,57,110557,Ruim,1,5897.408093749026,Não,Casado,Pós-Graduação,Bom,6947.850209818531
324,29,116090,Médio,3,36549.300875269655,Não,Casado,Pós-Graduação,Ruim,5722.48179371063
325,40,45700,Ruim,3,41763.938131188865,Não,Casado,Graduação,Bom,6994.4951442497195
326,48,81472,Bom,4,15145.804962527594,Sim,Solteiro,Ensino Médio,Bom,2565.766796906086
327,35,64113,Médio,2,38958.8960477693,Não,Solteiro,Pós-Graduação,Médio,9072.456576959386
328,24,103575,Ruim,1,30120.86597518636,Não,Divorciado,Ensino Médio,Bom,5028.651025469996
329,25,22422,Ruim,2,38988.235366565445,Não,Casado,Ensino Médio,Ruim,3655.450869455998
330,36,70933,Ruim,4,19978.206540632884,Não,Divorciado,Graduação,Bom,6006.26971604939
331,46,26437,Ruim,0,37126.39454612994,Sim,Divorciado,Pós-Graduação,Bom,9438.56717338898
332,61,103227,Médio,3,19833.965012778925,Sim,Divorciado,Ensino Médio,Bom,7554.28917393806
333,37,66670,Bom,1,3526.657256392098,Sim,Casado,Graduação,Bom,4720.693761869594
334,67,69083,Ruim,0,27079.524824882148,Não,Solteiro,Pós-Graduação,Médio,4430.748378841523
335,59,21631,Bom,0,22170.76504582093,Não,Casado,Graduação,Bom,7290.292456210873
336,47,112168,Ruim,1,11896.874247280435,Não,Casado,Ensino Médio,Médio,2710.437252055099
337,64,105304,Ruim,0,44497.780083305224,Sim,Casado,Pós-Graduação,Médio,4923.281459793452
338,39,43325,Ruim,3,18525.51858233606,Sim,Divorciado,Pós-Graduação,Médio,5829.4222688657155
339,27,51388,Bom,3,995.4316830463513,Não,Divorciado,Pós-Graduação,Bom,8084.139817751362
340,43,74690,Bom,3,18488.922750332105,Não,Divorciado,Pós-Graduação,Médio,4604.138508776512
341,68,93914,Bom,4,20650.000202918858,Sim,Solteiro,Pós-Graduação,Bom,8337.214628466018
342,50,75167,Médio,0,42943.523882902155,Sim,Solteiro,Graduação,Bom,8261.49992502482
343,45,89502,Bom,3,39758.34361335722,Sim,Solteiro,Pós-Graduação,Bom,2155.7056833509796
344,27,105969,Médio,4,9198.295881304137,Sim,Solteiro,Graduação,Bom,3523.3049914422418
345,46,25596,Médio,3,41790.490523902416,Sim,Casado,Pós-Graduação,Médio,7227.154229370352
346,61,109744,Bom,3,11644.288640936926,Sim,Divorciado,Ensino Médio,Bom,5968.336482434375
347,35,114152,Ruim,1,16438.641556378945,Não,Divorciado,Graduação,Médio,2221.0905724335407
348,59,42075,Ruim,3,2917.7411528520574,Sim,Casado,Ensino Médio,Bom,4877.1910481474515
349,18,21004,Médio,3,1823.1719698525562,Não,Casado,Graduação,Bom,7006.188797818891
350,40,107047,Ruim,3,33723.86616136801,Sim,Divorciado,Pós-Graduação,Médio,9933.490718085044
351,34,47532,Ruim,3,46090.395310608386,Não,Divorciado,Pós-Graduação,Ruim,3654.995961437388
352,60,41227,Médio,3,24143.859566129264,Não,Solteiro,Graduação,Bom,3221.752053200408
353,54,88829,Bom,2,42048.77930988774,Não,Solteiro,Pós-Graduação,Bom,4914.9476958336945
354,48,21064,Médio,2,39481.31373432532,Não,Casado,Graduação,Médio,6407.301033501845
355,42,98848,Bom,4,32898.61489244779,Sim,Divorciado,Graduação,Bom,7315.994544270476
356,21,77556,Bom,4,48889.6754870067,Não,Divorciado,Pós-Graduação,Médio,4886.51805608796
357,69,67708,Médio,4,39911.58396469569,Não,Solteiro,Pós-Graduação,Bom,3827.5331063458157
358,26,51949,Ruim,2,13017.064104927333,Sim,Solteiro,Pós-Graduação,Bom,2041.7954432644337
359,45,99013,Bom,4,39239.7265572765,Não,Divorciado,Graduação,Bom,3467.5759923505325
360,47,82013,Médio,1,34325.743960479085,Sim,Casado,Ensino Médio,Bom,2800.5085154306526
361,64,56967,Médio,0,19375.542778453935,Não,Solteiro,Graduação,Bom,3936.8789236210932
362,41,50642,Médio,1,2916.6709815828663,Sim,Divorciado,Graduação,Bom,4580.595780955872
363,50,77924,Bom,0,9932.336010523084,Não,Casado,Pós-Graduação,Bom,2629.907211275725
364,37,28686,Ruim,0,39659.13247381111,Não,Divorciado,Pós-Graduação,Médio,5246.767670968909
365,26,92652,Ruim,3,11672.74969493851,Não,Divorciado,Pós-Graduação,Ruim,3341.008637946455
366,25,68825,Médio,4,49890.75713419075,Não,Divorciado,Ensino Médio,Médio,6650.940413519687
367,41,61847,Bom,0,34393.39513941577,Não,Casado,Ensino Médio,Médio,5023.019319790994
368,31,89616,Ruim,3,23338.346516598,Não,Casado,Graduação,Médio,7117.216525818075
369,35,98980,Médio,1,28092.27120080828,Sim,Divorciado,Graduação,Ruim,8209.235098720776
370,18,116873,Ruim,3,30154.508900613244,Sim,Divorciado,Graduação,Ruim,2677.6239585595363
371,29,55364,Ruim,0,48416.185821663785,Sim,Casado,Ensino Médio,Bom,5059.82941338218
372,46,30706,Bom,3,7248.800926207494,Não,Divorciado,Ensino Médio,Ruim,9822.201441273539
373,54,94462,Médio,3,12892.185935698484,Não,Divorciado,Graduação,Bom,2018.4767684505891
374,43,102293,Ruim,1,35189.143446533424,Não,Casado,Graduação,Médio,5671.288054171776
375,50,43843,Ruim,1,11232.757140321843,Não,Solteiro,Pós-Graduação,Ruim,5751.276446828954
376,60,107984,Bom,0,43436.15527230456,Não,Casado,Ensino Médio,Bom,8589.7724608337
377,32,74833,Bom,3,16673.24295856405,Não,Solteiro,Graduação,Ruim,4321.8152544845825
378,40,39641,Ruim,2,8222.809395706774,Sim,Solteiro,Graduação,Ruim,8208.245197570459
379,46,42578,Bom,3,1428.6588033407425,Não,Casado,Ensino Médio,Bom,2017.601780506901
380,38,47361,Bom,0,29375.347056215447,Não,Solteiro,Pós-Graduação,Bom,5926.000142118397
381,36,62160,Médio,2,41089.391667282136,Não,Divorciado,Pós-Graduação,Bom,4554.563906386142
382,22,77329,Médio,3,12963.448668588353,Sim,Casado,Ensino Médio,Médio,8465.244237527022
383,40,113894,Ruim,1,45794.513799199834,Não,Solteiro,Graduação,Médio,5223.578230338704
384,53,68764,Ruim,0,37644.44777601824,Sim,Solteiro,Ensino Médio,Ruim,2559.027356898847
385,37,38931,Ruim,3,2126.3348074380215,Sim,Casado,Graduação,Bom,7667.095719712946
386,25,99780,Bom,1,28204.282830412245,Sim,Casado,Ensino Médio,Médio,2105.783900321817
387,26,49030,Médio,0,27939.48795658855,Não,Divorciado,Pós-Graduação,Ruim,4675.332316644795
388,31,41540,Ruim,2,9320.987551734992,Sim,Solteiro,Graduação,Bom,5986.639982038445
389,23,76606,Médio,2,16061.763311951796,Não,Casado,Graduação,Bom,7933.939288876631
390,18,74898,Bom,0,22372.223572771876,Sim,Solteiro,Pós-Graduação,Ruim,4504.511303367632
391,26,76467,Médio,1,1451.9688831083404,Sim,Solteiro,Pós-Graduação,Bom,2832.7796357775424
392,33,48070,Bom,2,6638.596873580282,Não,Solteiro,Pós-Graduação,Ruim,8602.052294219813
393,33,81868,Ruim,0,7364.2238446384945,Não,Casado,Graduação,Bom,2078.5812972746785
394,29,36419,Bom,3,18341.023477275936,Não,Divorciado,Pós-Graduação,Bom,8985.049059609017
395,22,41262,Bom,0,37115.230392505604,Sim,Solteiro,Pós-Graduação,Bom,2851.980313184135
396,57,33304,Bom,0,41396.4866139602,Não,Casado,Graduação,Bom,3005.6076363886814
397,46,93041,Bom,0,7305.301346868982,Não,Solteiro,Pós-Graduação,Ruim,3329.8309147351706
398,63,76131,Ruim,1,37347.20783634526,Sim,Divorciado,Ensino Médio,Médio,3186.7440758107477
399,44,79165,Médio,4,33206.20787779664,Não,Solteiro,Ensino Médio,Ruim,8358.232413969055
400,28,97979,Ruim,3,44425.05698760779,Sim,Divorciado,Ensino Médio,Bom,8487.850915699626
401,64,70209,Ruim,1,48408.35395120377,Sim,Casado,Pós-Graduação,Bom,3355.743892536717
402,67,106451,Bom,0,5347.491049306993,Não,Casado,Graduação,Bom,2900.1409653329856
403,45,23958,Ruim,3,3114.3669324616503,Sim,Casado,Pós-Graduação,Bom,6579.8450406838165
404,69,119739,Bom,1,39786.236576552474,Não,Solteiro,Ensino Médio,Médio,7597.655658853347
405,53,93784,Médio,2,7270.714527378779,Não,Divorciado,Pós-Graduação,Médio,6472.318860033944
406,59,26421,Bom,3,8923.300737117552,Sim,Solteiro,Pós-Graduação,Bom,2221.518931848563
407,36,114887,Médio,4,43983.83204881717,Não,Divorciado,Graduação,Médio,8128.706020009612
408,52,40202,Ruim,4,46887.20975222877,Não,Casado,Ensino Médio,Bom,7713.521727476729
409,69,104509,Bom,3,15242.033440071673,Não,Solteiro,Ensino Médio,Bom,7738.0766015993595
410,48,112401,Médio,3,41950.57312233769,Sim,Casado,Ensino Médio,Ruim,3657.7058317912474
411,61,113085,Ruim,0,42801.702387746205,Sim,Casado,Pós-Graduação,Bom,2562.2616615093125
412,36,53725,Médio,0,29874.91450560385,Não,Divorciado,Ensino Médio,Bom,9978.275384243332
413,63,62554,Bom,0,27870.51085122039,Não,Divorciado,Pós-Graduação,Bom,5822.377860680635
414,41,25912,Médio,3,28367.758871526094,Não,Divorciado,Ensino Médio,Bom,7809.941939684737
415,19,40594,Médio,4,14365.748569778865,Não,Solteiro,Graduação,Bom,2771.3390272964925
416,24,64304,Médio,2,30562.21898588853,Sim,Casado,Ensino Médio,Bom,6039.4581111399275
417,60,26592,Ruim,4,11422.593826537073,Não,Solteiro,Ensino Médio,Bom,6032.7732680801855
418,66,40324,Médio,0,8059.246793856048,Não,Divorciado,Graduação,Médio,2982.864107321753
419,48,83458,Médio,1,20060.473175624324,Sim,Divorciado,Pós-Graduação,Médio,4812.861157861231
420,34,34971,Médio,4,34994.8015722062,Não,Divorciado,Ensino Médio,Ruim,9131.70670847766
421,44,46637,Médio,0,30692.812054924678,Não,Casado,Ensino Médio,Bom,7521.719409629124
422,53,119073,Bom,3,48208.986046324826,Não,Casado,Graduação,Médio,7853.366398956448
423,67,81179,Bom,2,31969.251479651844,Sim,Divorciado,Graduação,Bom,9026.310333060243
424,60,24354,Ruim,1,6207.016539591942,Sim,Casado,Pós-Graduação,Bom,4482.284791401737
425,27,54626,Médio,4,7222.1288779184215,Sim,Casado,Graduação,Ruim,8319.557621343805
426,62,63155,Ruim,0,3746.424143969438,Não,Solteiro,Ensino Médio,Médio,2772.309780298011
427,31,30740,Médio,4,8749.862014847662,Sim,Solteiro,Ensino Médio,Bom,6620.38985482656
428,24,105754,Bom,2,29495.49593463517,Não,Divorciado,Pós-Graduação,Bom,6273.184610741251
429,56,91116,Médio,1,41752.61022575558,Não,Divorciado,Graduação,Bom,5449.53760096316
430,57,89278,Ruim,4,44587.250255440325,Sim,Casado,Pós-Graduação,Ruim,3673.3532433884684
431,26,119879,Médio,2,19402.238220937474,Não,Solteiro,Graduação,Bom,5420.212114797947
432,31,117749,Bom,1,27487.73445794882,Não,Solteiro,Ensino Médio,Médio,8754.2651155651
433,25,54074,Ruim,4,40269.17919969148,Não,Divorciado,Ensino Médio,Bom,7845.626992708946
434,34,23313,Médio,0,14915.596580953623,Não,Solteiro,Pós-Graduação,Médio,5524.825862743322
435,40,70112,Bom,2,29379.11922637345,Não,Casado,Graduação,Bom,9740.709447656183
436,33,96033,Médio,0,7878.208063736949,Sim,Solteiro,Ensino Médio,Bom,8282.335325642704
437,43,39876,Bom,2,23303.55736642283,Não,Solteiro,Ensino Médio,Médio,2354.0849425278907
438,26,36138,Ruim,0,7826.685278536885,Não,Divorciado,Graduação,Médio,8005.892188599836
439,53,75584,Ruim,0,22583.745905256423,Não,Solteiro,Pós-Graduação,Médio,7748.302237337341
440,24,95262,Médio,4,19237.80428014656,Sim,Divorciado,Pós-Graduação,Bom,2393.765241415065
441,35,92988,Bom,4,21096.50599852516,Sim,Divorciado,Pós-Graduação,Ruim,9412.45812503379
442,25,59471,Ruim,0,11429.323531432417,Sim,Solteiro,Pós-Graduação,Ruim,5736.310906139345
443,38,34929,Médio,2,5938.210461303813,Sim,Divorciado,Pós-Graduação,Médio,3913.0199836205516
444,43,49092,Médio,4,13058.931723914167,Sim,Casado,Ensino Médio,Ruim,5585.8063279784055
445,20,51943,Médio,4,11218.582001439367,Sim,Divorciado,Graduação,Médio,8670.243734320084
446,34,111445,Bom,0,36449.106331806935,Não,Divorciado,Pós-Graduação,Médio,4004.0465565811255
447,68,62694,Médio,2,35565.72872205885,Não,Solteiro,Ensino Médio,Bom,9312.742345258108
448,63,41129,Bom,0,28808.63268197789,Sim,Solteiro,Pós-Graduação,Bom,2517.9184699826874
449,41,43314,Médio,3,3658.023706607534,Não,Divorciado,Pós-Graduação,Bom,2714.8566734397823
450,42,86717,Bom,0,27879.35456828168,Não,Divorciado,Ensino Médio,Bom,6794.592467558006
451,22,82133,Médio,2,3041.088322970487,Não,Divorciado,Pós-Graduação,Bom,6078.37564032818
452,54,65610,Médio,4,-73.17601691187099,Não,Casado,Graduação,Bom,7372.040636419646
453,62,22514,Bom,4,16982.401872020444,Sim,Solteiro,Pós-Graduação,Bom,2347.5674268287835
454,67,96573,Ruim,1,11267.790872258869,Não,Casado,Ensino Médio,Bom,4081.938951251402
455,41,100273,Ruim,0,29327.03175308517,Sim,Solteiro,Graduação,Bom,7625.157451031748
456,48,71235,Ruim,4,46360.7668915503,Sim,Solteiro,Ensino Médio,Bom,4755.212546607458
457,43,40368,Bom,3,35712.4534163308,Não,Casado,Pós-Graduação,Médio,4437.2373841452045
458,38,39991,Ruim,4,38135.40396052034,Sim,Casado,Graduação,Bom,8558.215703265969
459,51,93356,Médio,3,47495.54862890176,Não,Solteiro,Ensino Médio,Bom,8368.504494717523
460,55,57219,Bom,4,31338.64512572495,Sim,Solteiro,Pós-Graduação,Bom,7959.927508766178
461,41,92557,Ruim,4,28464.278011901108,Não,Casado,Ensino Médio,Médio,7021.003328059939
462,45,26932,Médio,2,29695.266773588133,Não,Casado,Pós-Graduação,Ruim,9635.241151071317
463,47,32369,Médio,4,43156.06808494076,Sim,Solteiro,Graduação,Bom,2168.4559663144782
464,51,104908,Bom,3,18793.05079555624,Não,Casado,Pós-Graduação,Médio,3221.1447969075575
465,69,87622,Ruim,2,39562.1474947882,Sim,Divorciado,Graduação,Médio,5679.106228368473
466,69,109034,Médio,4,32265.10368383523,Não,Solteiro,Ensino Médio,Bom,4245.518747650343
467,40,32837,Ruim,2,14533.149089880133,Sim,Casado,Graduação,Médio,4346.874747310108
468,25,53130,Médio,4,-301.8910398113243,Sim,Divorciado,Ensino Médio,Bom,9842.370127749404
469,59,24648,Médio,1,9705.91949443292,Sim,Solteiro,Pós-Graduação,Bom,2353.763878608328
470,67,97595,Bom,2,34699.426995969916,Sim,Solteiro,Pós-Graduação,Ruim,2207.1829803148325
471,27,99492,Ruim,3,28564.205797006976,Não,Casado,Graduação,Médio,9481.158843513906
472,18,119763,Médio,1,13004.32969083459,Sim,Divorciado,Pós-Graduação,Ruim,3280.72032792066
473,37,118846,Ruim,4,21149.42604145222,Sim,Casado,Ensino Médio,Bom,2343.8182583828493
474,54,70951,Ruim,4,32718.58704465207,Não,Casado,Pós-Graduação,Médio,5668.36223308087
475,35,92664,Ruim,1,5481.393164984745,Não,Divorciado,Pós-Graduação,Bom,9055.124562846613
476,38,66680,Bom,0,21046.25862341204,Não,Casado,Ensino Médio,Ruim,4448.51789975803
477,66,85775,Médio,1,20247.83496408095,Não,Solteiro,Graduação,Médio,9458.011604077703
478,21,34223,Ruim,3,26672.65202613227,Não,Divorciado,Pós-Graduação,Bom,8922.20922604658
479,60,47018,Bom,4,25617.597691143248,Sim,Casado,Pós-Graduação,Bom,4243.343062485124
480,19,92851,Ruim,2,17754.060938460327,Sim,Casado,Pós-Graduação,Bom,5483.513538324518
481,38,55661,Bom,0,37899.415069439856,Sim,Casado,Pós-Graduação,Médio,9389.904535502563
482,54,91653,Ruim,2,2428.6810395519024,Sim,Solteiro,Pós-Graduação,Bom,2986.294231565334
483,22,62898,Ruim,1,812.4620992516489,Sim,Solteiro,Graduação,Bom,2495.1466919217555
484,34,60391,Ruim,4,20433.226319517144,Não,Divorciado,Graduação,Médio,3509.7568124186037
485,66,32448,Bom,3,44731.40675871153,Não,Divorciado,Ensino Médio,Ruim,3804.9701868279444
486,65,23436,Bom,1,13156.036877013126,Não,Solteiro,Graduação,Bom,3435.112104303783
487,28,109383,Médio,1,7787.77555958031,Não,Divorciado,Ensino Médio,Bom,2253.6965359935507
488,63,117140,Médio,2,46338.628110798185,Sim,Solteiro,Graduação,Bom,7741.271412672664
489,58,66462,Bom,2,7579.385983711083,Não,Solteiro,Ensino Médio,Bom,3295.615570173023
490,48,118671,Médio,4,18116.867372389803,Não,Casado,Ensino Médio,Ruim,5643.111675295503
491,45,56980,Bom,2,36179.791027161096,Sim,Divorciado,Pós-Graduação,Médio,2963.106866954987
492,61,79364,Bom,0,12307.12443235769,Não,Casado,Ensino Médio,Bom,4924.14488701745
493,49,99850,Bom,4,10722.325917477745,Sim,Solteiro,Pós-Graduação,Bom,5179.74100172371
494,38,98772,Médio,3,19281.02893050926,Não,Divorciado,Ensino Médio,Bom,9303.887806253944
495,24,42746,Ruim,0,39155.60554443808,Sim,Casado,Ensino Médio,Médio,7642.534044375836
496,27,97800,Médio,1,45460.151011287824,Sim,Solteiro,Pós-Graduação,Bom,9249.137388637699
497,45,79600,Ruim,2,595.9189233984623,Não,Solteiro,Graduação,Médio,5912.770652295999
498,65,78158,Médio,3,7420.514495967933,Não,Casado,Graduação,Ruim,3354.7331951551955
499,53,92928,Ruim,4,47888.66574649228,Não,Casado,Graduação,Ruim,5277.065949864267
500,37,55422,Ruim,2,29232.355868997387,Não,Casado,Pós-Graduação,Bom,6749.427904024978
501,30,73015,Bom,0,27121.92372684481,Não,Divorciado,Pós-Graduação,Médio,6329.961317961673
502,36,40111,Médio,1,40490.727643483726,Sim,Divorciado,Graduação,Bom,9170.443936046586
503,67,73420,Ruim,1,1028.9481994506862,Sim,Casado,Pós-Graduação,Bom,6739.02236983673
504,28,67699,Médio,2,-294.351190178284,Não,Casado,Pós-Graduação,Ruim,4053.0465703403165
505,52,90775,Bom,4,48342.196534781186,Não,Solteiro,Graduação,Médio,9620.690636018633
506,51,37975,Bom,4,41257.10496420674,Não,Divorciado,Graduação,Médio,3391.4093459687947
507,61,33666,Ruim,2,37116.4708594717,Não,Casado,Graduação,Ruim,5811.5061165433
508,21,31675,Bom,2,6940.739277388203,Sim,Divorciado,Graduação,Bom,9101.204098798935
509,30,26445,Médio,2,23306.80007520626,Não,Divorciado,Graduação,Bom,7679.37472597463
510,54,33649,Bom,3,46801.97046685822,Não,Divorciado,Graduação,Médio,6283.059418125474
511,19,23799,Bom,2,46613.57937682169,Não,Solteiro,Pós-Graduação,Bom,7502.624424606159
512,67,84923,Bom,3,-528.3975440440314,Não,Casado,Pós-Graduação,Ruim,5502.347997526818
513,18,20432,Bom,0,37377.061859314024,Não,Casado,Ensino Médio,Bom,5174.4470590244455
514,57,79351,Médio,2,-681.8739112177711,Sim,Casado,Pós-Graduação,Bom,7022.704323019061
515,42,107429,Médio,2,49199.38811119839,Sim,Solteiro,Ensino Médio,Ruim,7896.065856703759
516,54,44953,Ruim,4,20265.327301780624,Sim,Solteiro,Graduação,Bom,9499.681803391391
517,53,73479,Bom,2,48649.45665698509,Não,Solteiro,Ensino Médio,Médio,8692.364378587816
518,23,49409,Ruim,3,17755.08726056251,Não,Casado,Graduação,Bom,9685.540050850632
519,24,33282,Ruim,3,13952.551819244492,Não,Divorciado,Ensino Médio,Bom,2927.088986918804
520,21,70972,Médio,2,15130.89015556485,Não,Solteiro,Pós-Graduação,Bom,9915.787726776301
521,52,47892,Bom,3,36264.632398568094,Não,Divorciado,Graduação,Ruim,3602.4142933614103
522,58,68193,Bom,2,9183.314530440046,Sim,Solteiro,Graduação,Bom,2647.231385296367
523,51,38500,Médio,0,43066.94228142519,Não,Solteiro,Pós-Graduação,Bom,7254.4840227921095
524,46,116981,Médio,3,29119.207374963862,Não,Solteiro,Ensino Médio,Médio,7387.8983025672105
525,22,112616,Médio,3,48465.46232341276,Sim,Casado,Pós-Graduação,Bom,9790.578066898426
526,44,91420,Bom,3,49341.33007779358,Sim,Solteiro,Pós-Graduação,Médio,8168.189486179159
527,50,20370,Ruim,3,8444.282066409412,Não,Casado,Graduação,Bom,5141.266650607453
528,63,59841,Ruim,2,47744.88473237691,Não,Solteiro,Graduação,Bom,6800.8433068462
529,69,99222,Bom,2,1373.4628053383676,Não,Solteiro,Ensino Médio,Bom,6875.634778007541
530,27,41603,Ruim,0,421.0499302783892,Não,Divorciado,Pós-Graduação,Médio,8123.349883473039
531,23,60921,Bom,2,47137.093443756145,Não,Solteiro,Graduação,Bom,6648.784301674928
532,51,99809,Bom,3,48082.23360994967,Sim,Solteiro,Graduação,Bom,5091.525438599911
533,25,70787,Médio,0,6509.6313062714735,Sim,Divorciado,Ensino Médio,Ruim,7451.664811237791
534,48,79463,Bom,1,21563.206584838903,Sim,Solteiro,Ensino Médio,Bom,3920.812045307449
535,26,47137,Médio,4,24198.718927397305,Não,Casado,Ensino Médio,Bom,4796.409938945056
536,38,69281,Médio,0,42874.34306243353,Não,Solteiro,Pós-Graduação,Bom,2573.0489825584195
537,25,57063,Ruim,4,31023.77940300462,Não,Casado,Ensino Médio,Médio,8529.841344459841
538,21,31929,Médio,3,38502.887634282386,Não,Solteiro,Pós-Graduação,Bom,2567.9927381039515
539,39,62084,Ruim,1,23739.93911699584,Sim,Casado,Pós-Graduação,Médio,4390.3745139635985
540,45,39021,Bom,4,32069.098814333243,Não,Solteiro,Pós-Graduação,Ruim,9405.063299514826
541,62,60556,Ruim,0,36505.877361318795,Não,Divorciado,Graduação,Bom,6475.2774768200425
542,21,56018,Ruim,2,36631.94547978237,Não,Solteiro,Ensino Médio,Médio,3743.039357009812
543,56,21435,Ruim,4,-911.3708339817086,Sim,Casado,Pós-Graduação,Bom,9943.097323705815
544,38,89728,Bom,2,4095.3117602330913,Não,Solteiro,Graduação,Médio,9045.835857299948
545,25,70731,Bom,4,17546.682496325215,Sim,Solteiro,Pós-Graduação,Médio,2545.442181378413
546,37,89395,Médio,3,2121.069802280632,Sim,Solteiro,Ensino Médio,Médio,3842.280498673789
547,49,108418,Bom,2,18532.474820753567,Não,Casado,Ensino Médio,Bom,7138.084746490551
548,18,103245,Médio,1,18867.909272081804,Não,Casado,Pós-Graduação,Médio,3590.4252560236937
549,23,93828,Bom,0,45931.91040116473,Sim,Solteiro,Ensino Médio,Bom,6297.423467031138
550,45,106352,Ruim,1,27920.664599629235,Sim,Solteiro,Graduação,Bom,3326.8860857637187
551,61,81552,Médio,4,35023.91530721657,Sim,Solteiro,Graduação,Ruim,7381.644070965086
552,48,74137,Bom,4,44247.13278639765,Sim,Divorciado,Ensino Médio,Médio,6249.888935941414
553,27,76235,Bom,1,21548.595353115183,Não,Divorciado,Pós-Graduação,Bom,9755.457948801593
554,37,68579,Bom,4,-899.9306255335079,Não,Solteiro,Pós-Graduação,Médio,3070.5062203978623
555,25,67624,Ruim,3,13552.137255896101,Não,Solteiro,Pós-Graduação,Bom,6245.769993264974
556,39,26720,Médio,0,40522.093701911836,Não,Solteiro,Graduação,Médio,4493.791117079163
557,55,85908,Médio,3,44993.899659803814,Não,Solteiro,Ensino Médio,Bom,6901.510103325413
558,46,81332,Médio,2,16926.988637029273,Não,Divorciado,Graduação,Ruim,3626.044323921655
559,26,88704,Bom,0,13993.553901931467,Sim,Casado,Ensino Médio,Médio,9403.13968264677
560,61,103426,Médio,0,46149.765764505406,Não,Casado,Ensino Médio,Ruim,5503.374537203696
561,64,49547,Médio,4,16904.760535121783,Sim,Casado,Graduação,Bom,5454.171046858861
562,18,116645,Bom,2,32264.504591909572,Não,Solteiro,Graduação,Bom,8290.600345255454
563,58,32629,Bom,1,13295.770987578731,Não,Divorciado,Ensino Médio,Bom,9260.146157688647
564,69,26424,Bom,2,3993.8587383278164,Sim,Casado,Pós-Graduação,Médio,5951.790096571216
565,56,61986,Bom,1,24563.05190108669,Sim,Divorciado,Ensino Médio,Bom,8170.313826507671
566,43,108573,Ruim,2,46084.82369302655,Não,Solteiro,Graduação,Ruim,3151.527707940257
567,28,118547,Ruim,2,30550.678450292555,Não,Solteiro,Ensino Médio,Bom,4019.272890231505
568,69,118076,Médio,1,9650.157863970453,Sim,Casado,Ensino Médio,Médio,7543.922509603186
569,52,69526,Ruim,3,33803.908241748264,Não,Solteiro,Ensino Médio,Bom,9413.976870763581
570,41,33151,Bom,4,38186.41834897926,Sim,Casado,Graduação,Médio,2937.669955033124
571,50,89697,Ruim,4,15358.7886576629,Sim,Divorciado,Pós-Graduação,Médio,3075.097549483244
572,37,88048,Bom,4,27519.679472982967,Não,Solteiro,Pós-Graduação,Médio,9801.817897296361
573,44,75666,Ruim,1,33779.60970483345,Não,Casado,Pós-Graduação,Médio,2729.890873586049
574,32,68661,Bom,4,7178.010414404896,Sim,Casado,Graduação,Médio,2343.1671782721287
575,50,115343,Médio,0,48169.147928395585,Sim,Solteiro,Graduação,Ruim,6254.03468354182
576,69,42383,Médio,2,22013.850033941937,Sim,Divorciado,Pós-Graduação,Médio,3795.290567605429
577,24,94529,Ruim,1,48962.883914075384,Sim,Divorciado,Ensino Médio,Ruim,4381.012541467277
578,51,41634,Bom,1,8668.26715806925,Sim,Divorciado,Ensino Médio,Ruim,6943.149547049311
579,62,80136,Médio,0,23672.450861791865,Sim,Solteiro,Graduação,Ruim,4809.97149333095
580,68,40855,Bom,2,7458.536337467724,Não,Solteiro,Graduação,Ruim,9965.233717299569
581,63,23983,Ruim,4,-480.77805841912664,Não,Divorciado,Ensino Médio,Bom,3825.768252034486
582,59,57703,Bom,1,11131.63380133534,Não,Solteiro,Graduação,Bom,8922.203241246545
583,22,59709,Bom,1,19562.554190472252,Sim,Divorciado,Graduação,Ruim,9001.782154380957
584,47,39169,Ruim,1,20987.66762393602,Sim,Casado,Ensino Médio,Bom,5500.691192150685
585,45,34640,Médio,1,44211.762910314435,Sim,Casado,Pós-Graduação,Bom,9978.690483032658
586,35,86481,Ruim,1,31419.540457922936,Não,Divorciado,Ensino Médio,Bom,4262.402399260196
587,53,20848,Bom,1,21156.52441614504,Sim,Solteiro,Pós-Graduação,Bom,2728.5098978433043
588,20,48856,Ruim,0,49387.882680100454,Sim,Divorciado,Pós-Graduação,Médio,6537.5597960687
589,38,27640,Ruim,1,30325.44091296097,Sim,Solteiro,Pós-Graduação,Bom,2059.7741971781975
590,63,111578,Bom,3,15455.811214233552,Não,Casado,Ensino Médio,Bom,5793.310039105085
591,33,33189,Ruim,2,34256.85494175053,Não,Casado,Graduação,Médio,8694.430330906227
592,54,116051,Médio,2,24280.69605683326,Sim,Solteiro,Ensino Médio,Médio,5357.656606608674
593,59,74522,Médio,4,43939.55239747678,Não,Divorciado,Ensino Médio,Bom,3631.9389522702395
594,22,72330,Ruim,1,44722.07436522938,Não,Solteiro,Graduação,Bom,4045.2444045433467
595,67,76593,Bom,1,17734.87040617965,Sim,Divorciado,Ensino Médio,Bom,9310.465818945506
596,68,87629,Ruim,0,27679.29159386735,Não,Divorciado,Graduação,Bom,7297.701633041015
597,31,72246,Ruim,3,12554.445646361577,Sim,Casado,Graduação,Bom,3290.4949302001987
598,48,82689,Médio,2,30958.474338870048,Não,Divorciado,Pós-Graduação,Ruim,5705.5476859959745
599,63,109702,Médio,2,49609.69507830341,Não,Casado,Graduação,Bom,6916.750346763317
600,41,81065,Bom,4,41462.014408931376,Não,Casado,Pós-Graduação,Médio,6041.123286123802
601,52,84261,Bom,1,17686.904915444087,Não,Solteiro,Pós-Graduação,Médio,8280.710968807285
602,53,46794,Bom,0,3864.3979516681165,Sim,Casado,Graduação,Ruim,2050.3396217894883
603,27,37143,Ruim,4,48300.78135604922,Não,Casado,Graduação,Ruim,4248.5147993805
604,44,106416,Ruim,4,18868.82371256373,Sim,Casado,Graduação,Médio,6596.725696632481
605,44,25785,Ruim,4,13962.425556607574,Não,Divorciado,Graduação,Bom,6311.198030160837
606,40,58030,Ruim,0,15133.105038183945,Não,Solteiro,Graduação,Bom,2832.64157555237
607,30,86413,Bom,0,23986.091698581182,Sim,Divorciado,Ensino Médio,Bom,3401.728881020838
608,33,93533,Bom,1,47794.321336199035,Não,Casado,Graduação,Ruim,8023.669784508538
609,52,48853,Bom,0,49317.73838800806,Sim,Divorciado,Pós-Graduação,Ruim,6278.283880180798
610,44,85617,Ruim,4,14102.463094972172,Não,Casado,Ensino Médio,Médio,7119.738967795011
611,69,80957,Ruim,1,16924.90409512174,Sim,Solteiro,Graduação,Médio,8534.017767101639
612,56,32316,Bom,4,25102.134563367887,Não,Casado,Graduação,Médio,6670.613454675659
613,64,117925,Médio,4,-582.4482798834667,Não,Casado,Pós-Graduação,Médio,4511.595332708845
614,34,32772,Bom,2,7916.664725449566,Sim,Casado,Pós-Graduação,Bom,6186.002349122533
615,65,40978,Ruim,0,46739.010045745126,Não,Divorciado,Ensino Médio,Bom,3043.1335636235194
616,58,89810,Ruim,2,501.197090129421,Sim,Casado,Ensino Médio,Bom,4176.617859995818
617,18,23670,Bom,2,4149.790265747733,Sim,Casado,Graduação,Ruim,7241.043219826437
618,28,91861,Médio,4,20452.997868719656,Não,Casado,Ensino Médio,Bom,2328.888009134449
619,29,111914,Médio,0,36303.96270710961,Não,Casado,Ensino Médio,Médio,2006.8074727311007
620,31,113739,Ruim,4,12712.789749907775,Sim,Casado,Graduação,Bom,9096.579388296508
621,25,96731,Ruim,3,14604.245118248438,Sim,Casado,Ensino Médio,Bom,9714.63052210701
622,48,111550,Ruim,4,14579.121986343724,Sim,Divorciado,Pós-Graduação,Bom,9244.901300249041
623,24,25947,Bom,4,43502.69826443393,Sim,Solteiro,Graduação,Bom,3723.692508290454
624,63,79379,Ruim,0,10530.977917598315,Sim,Solteiro,Graduação,Bom,8037.262428698863
625,48,99280,Ruim,4,27682.493126672707,Sim,Solteiro,Graduação,Médio,5651.744005065677
626,33,106648,Ruim,4,49996.488497959625,Não,Solteiro,Ensino Médio,Bom,2567.5509416994523
627,59,53848,Médio,2,36151.74023954393,Não,Divorciado,Graduação,Bom,8359.889160826078
628,56,40929,Médio,4,16153.883420143226,Sim,Casado,Pós-Graduação,Bom,8465.398053459227
629,61,54664,Ruim,0,38038.407486952885,Sim,Casado,Ensino Médio,Bom,7775.8200573244485
630,36,52647,Médio,2,47649.70107666605,Sim,Divorciado,Pós-Graduação,Bom,9972.405999388895
631,25,84453,Médio,1,18050.428164781802,Sim,Solteiro,Ensino Médio,Bom,9936.937079621235
632,46,63151,Médio,1,35108.57324353586,Sim,Divorciado,Pós-Graduação,Bom,3435.363219579309
633,19,55817,Médio,4,2866.0174190888465,Não,Divorciado,Graduação,Médio,8363.299709863682
634,59,96084,Bom,2,44660.13867446123,Não,Solteiro,Graduação,Médio,7278.592780662158
635,20,59200,Médio,3,3909.092955839912,Sim,Divorciado,Ensino Médio,Médio,7811.743493466491
636,68,88514,Médio,1,18019.17990934133,Não,Casado,Graduação,Ruim,9927.204015619402
637,46,42579,Médio,2,26667.79798597402,Não,Divorciado,Ensino Médio,Bom,8692.954002084454
638,32,112932,Médio,1,12442.459764961162,Não,Solteiro,Graduação,Bom,5132.138343560426
639,55,90848,Bom,2,32112.735625346053,Não,Solteiro,Ensino Médio,Médio,9499.724963469122
640,45,38586,Bom,4,27275.865097012982,Não,Solteiro,Ensino Médio,Bom,9001.323809129275
641,54,46068,Ruim,2,35576.447255203406,Sim,Divorciado,Pós-Graduação,Ruim,7649.868617209696
642,49,51098,Médio,2,17061.107621230203,Sim,Solteiro,Graduação,Bom,9495.674663576096
643,47,92536,Médio,0,26846.708372286343,Não,Casado,Pós-Graduação,Bom,5698.134124843884
644,68,87857,Ruim,4,40421.45540924268,Sim,Solteiro,Graduação,Ruim,7706.049855337957
645,64,95716,Bom,3,40345.51364607424,Não,Casado,Graduação,Médio,2032.6983577851836
646,47,87896,Ruim,1,35426.23871744596,Não,Divorciado,Graduação,Bom,6548.648655142401
647,68,30400,Bom,2,26638.730370363948,Sim,Solteiro,Pós-Graduação,Bom,7789.512528823361
648,51,33553,Ruim,2,33336.316139499264,Não,Solteiro,Pós-Graduação,Médio,5064.095059989859
649,30,85873,Ruim,4,3430.89479571459,Não,Casado,Pós-Graduação,Bom,8943.346193383944
650,50,115816,Médio,0,23037.17723624736,Não,Divorciado,Graduação,Médio,5880.542458436761
651,59,37124,Ruim,1,42867.3185155371,Sim,Casado,Ensino Médio,Médio,4260.410846711739
652,34,115647,Bom,3,29975.60590805876,Não,Divorciado,Graduação,Bom,6395.5602069573
653,20,79742,Bom,2,47025.83839707959,Não,Casado,Graduação,Bom,9244.126141426856
654,26,113513,Ruim,0,12371.104585998128,Sim,Casado,Ensino Médio,Ruim,7459.5909245933935
655,69,81804,Bom,1,3911.3919076495476,Não,Solteiro,Graduação,Bom,9600.6348016438
656,28,56016,Ruim,1,30957.285215798216,Não,Casado,Pós-Graduação,Médio,5580.954207206601
657,66,20739,Médio,3,3637.2224208394,Não,Divorciado,Pós-Graduação,Ruim,7267.83593626497
658,44,33728,Médio,4,38888.903534645215,Sim,Casado,Pós-Graduação,Ruim,7027.148964796944
659,45,58158,Médio,1,12093.862815601919,Sim,Divorciado,Pós-Graduação,Ruim,3912.9854027129927
660,19,106589,Médio,1,26476.344780626485,Não,Casado,Ensino Médio,Ruim,7956.604008663439
661,18,113527,Ruim,3,40380.22905538224,Sim,Solteiro,Pós-Graduação,Ruim,2543.933468143509
662,23,94140,Bom,2,39189.8038037153,Não,Casado,Graduação,Bom,6600.993429140752
663,42,24267,Ruim,4,24294.72638103964,Não,Divorciado,Graduação,Ruim,3424.1196669803203
664,52,98945,Bom,3,48768.16707908911,Não,Divorciado,Pós-Graduação,Bom,3506.7484751577113
665,33,102098,Ruim,2,24379.291011632875,Sim,Solteiro,Ensino Médio,Bom,9838.652351696715
666,21,80206,Bom,3,13218.362251243829,Sim,Divorciado,Graduação,Médio,5076.165352907282
667,64,79500,Bom,3,14423.993472136026,Não,Solteiro,Ensino Médio,Bom,6156.891491844662
668,55,42344,Ruim,3,36925.778917740776,Não,Casado,Ensino Médio,Bom,7320.91029061481
669,61,38853,Médio,0,21292.458983420278,Não,Divorciado,Pós-Graduação,Bom,5986.327358906585
670,37,112792,Ruim,3,20358.212724060002,Não,Solteiro,Pós-Graduação,Bom,7807.011512573586
671,42,63010,Médio,2,44.81635876665746,Sim,Casado,Graduação,Ruim,2208.2417973994534
672,24,28977,Ruim,2,14569.186181473513,Sim,Casado,Ensino Médio,Bom,7413.612372558445
673,38,40623,Bom,1,42879.53707192194,Sim,Solteiro,Ensino Médio,Ruim,4595.147980154054
674,24,102627,Médio,0,39978.72940958449,Não,Solteiro,Pós-Graduação,Bom,9034.91277570137
675,46,29557,Bom,2,37072.053859115666,Não,Casado,Ensino Médio,Ruim,3147.2633618299224
676,69,49426,Bom,0,179.54772046171615,Sim,Casado,Graduação,Bom,2245.1477120277145
677,24,39549,Bom,1,376.50486301635215,Sim,Solteiro,Pós-Graduação,Bom,2487.6087558811923
678,20,99717,Ruim,0,14884.712928935012,Sim,Solteiro,Ensino Médio,Bom,6177.481312794245
679,46,68248,Bom,2,23197.116883124796,Não,Casado,Ensino Médio,Ruim,3721.98936992814
680,46,34998,Ruim,4,45396.80466729976,Sim,Casado,Pós-Graduação,Bom,8025.421554076209
681,56,25330,Médio,0,18616.120616282507,Não,Divorciado,Pós-Graduação,Bom,2444.20800198549
682,55,44071,Bom,0,13714.775146007529,Sim,Divorciado,Pós-Graduação,Médio,3878.631185353762
683,23,95953,Médio,4,28128.801383540344,Sim,Solteiro,Ensino Médio,Bom,8641.932970964015
684,63,41530,Médio,3,45649.40927703442,Sim,Solteiro,Pós-Graduação,Bom,2365.12927141992
685,27,82200,Ruim,4,36670.57428457475,Não,Casado,Graduação,Bom,8300.902534712757
686,54,77988,Médio,3,42689.980380944835,Sim,Casado,Ensino Médio,Médio,2894.120473989151
687,31,35469,Ruim,4,8292.079891074678,Sim,Solteiro,Ensino Médio,Bom,8742.072076227787
688,39,82490,Ruim,0,5408.8867110034125,Sim,Solteiro,Pós-Graduação,Ruim,8272.33742395533
689,49,52444,Médio,3,26747.62781813354,Sim,Solteiro,Ensino Médio,Médio,3750.0464926297063
690,35,63251,Médio,3,34565.912111579746,Não,Solteiro,Graduação,Médio,5215.779644048023
691,53,105615,Médio,4,47704.39045628912,Não,Casado,Graduação,Bom,5664.036483104865
692,63,42099,Ruim,0,17948.254831280425,Não,Divorciado,Ensino Médio,Ruim,5150.212152386464
693,69,100462,Ruim,0,16674.399462388526,Sim,Divorciado,Pós-Graduação,Médio,3688.2529778701573
694,26,24754,Médio,0,25308.569192980816,Sim,Solteiro,Pós-Graduação,Bom,3809.2629608259294
695,43,64153,Ruim,3,33931.83477204215,Não,Solteiro,Graduação,Médio,7525.566926948886
696,39,71808,Médio,3,27867.212632880462,Sim,Divorciado,Ensino Médio,Médio,3212.4570019660555
697,63,96123,Ruim,3,35874.5653599624,Não,Casado,Ensino Médio,Bom,4255.8927315521905
698,55,47428,Ruim,0,18396.06179273701,Não,Casado,Graduação,Médio,2504.2065970247504
699,40,84870,Bom,1,42972.07913944733,Não,Solteiro,Graduação,Bom,3744.8666866808144
700,34,84916,Bom,1,8331.755272781947,Não,Solteiro,Graduação,Ruim,2302.4684025739994
701,43,111519,Médio,3,15111.136784244727,Sim,Divorciado,Ensino Médio,Médio,7586.709870364725
702,64,25612,Bom,3,38457.56085228619,Sim,Solteiro,Graduação,Médio,5235.432682816132
703,55,70834,Ruim,0,16119.28495294918,Não,Divorciado,Graduação,Bom,5021.346297508596
704,19,112211,Médio,0,33075.884720870774,Sim,Casado,Pós-Graduação,Médio,5885.10588865826
705,23,49233,Bom,1,13677.678072920997,Não,Solteiro,Graduação,Médio,4090.3569166212865
706,24,117823,Médio,1,8542.321464097931,Sim,Divorciado,Ensino Médio,Médio,4882.668738411244
707,30,116737,Médio,4,14337.36076161084,Não,Solteiro,Ensino Médio,Bom,6727.725374519063
708,44,108687,Ruim,0,44236.65814893188,Não,Solteiro,Ensino Médio,Bom,3796.190931944815
709,28,83719,Bom,2,22505.03956327731,Sim,Divorciado,Graduação,Médio,5695.743577429687
710,32,31106,Ruim,4,10496.172840649655,Não,Solteiro,Ensino Médio,Médio,6599.381210233728
711,26,44391,Médio,0,15393.368047417243,Não,Divorciado,Ensino Médio,Ruim,3104.7519776293457
712,25,113790,Médio,2,-858.6812120902209,Não,Solteiro,Graduação,Médio,4455.759497737306
713,63,56560,Médio,2,37546.222675608464,Sim,Solteiro,Graduação,Bom,6417.698215488836
714,23,95841,Bom,3,10509.550074072897,Sim,Solteiro,Pós-Graduação,Bom,5210.078521010306
715,65,104056,Ruim,3,29493.973053795624,Sim,Divorciado,Pós-Graduação,Bom,7727.956834226969
716,60,67376,Ruim,2,280.5864470342992,Sim,Solteiro,Ensino Médio,Bom,3850.5743017384625
717,21,26445,Bom,2,41559.42003064939,Sim,Casado,Ensino Médio,Ruim,5765.789687259063
718,28,75679,Ruim,4,8559.682435454113,Não,Divorciado,Graduação,Bom,8568.36856365758
719,68,52933,Ruim,2,-756.8127340222316,Não,Casado,Ensino Médio,Bom,3142.1545335490555
720,45,102354,Médio,3,14360.578226636704,Sim,Casado,Pós-Graduação,Bom,9159.423309111608
721,43,53996,Médio,3,45944.843060700856,Sim,Divorciado,Graduação,Médio,5577.967080223119
722,21,94756,Médio,3,12393.325120276426,Sim,Divorciado,Pós-Graduação,Médio,5838.722354178144
723,32,41427,Bom,1,24677.42074401348,Sim,Casado,Ensino Médio,Bom,7087.2672498848915
724,36,119502,Médio,4,19768.722062242923,Sim,Divorciado,Pós-Graduação,Ruim,6334.668570594955
725,23,84552,Ruim,4,14006.712174936421,Sim,Casado,Ensino Médio,Bom,8586.001065171717
726,22,48558,Bom,4,46295.03250868012,Sim,Solteiro,Ensino Médio,Médio,3493.1207701881785
727,35,64273,Ruim,1,39238.74031074006,Não,Divorciado,Pós-Graduação,Bom,3039.2370718641705
728,23,100266,Bom,4,37857.57908406672,Não,Divorciado,Graduação,Médio,4107.877353846912
729,48,93115,Ruim,1,25831.463348543228,Não,Casado,Graduação,Bom,9982.506830155318
730,42,56174,Bom,1,41067.945360221696,Não,Casado,Graduação,Médio,2790.9153298608153
731,21,24966,Ruim,2,22379.861568773937,Não,Casado,Graduação,Bom,6243.614474683909
732,23,58285,Médio,1,22724.66707404934,Não,Casado,Graduação,Médio,8187.045882210252
733,58,106742,Bom,0,24182.47723408665,Não,Casado,Pós-Graduação,Ruim,8660.76922676367
734,54,59965,Ruim,0,11082.421486453119,Sim,Solteiro,Graduação,Bom,9659.39754396605
735,67,94702,Ruim,4,46106.24482873648,Sim,Divorciado,Graduação,Médio,9961.335203911336
736,42,43722,Ruim,0,12196.284418806008,Sim,Solteiro,Pós-Graduação,Bom,6418.04926150204
737,51,37611,Ruim,2,9106.134496912717,Não,Solteiro,Pós-Graduação,Médio,3926.294727857069
738,36,43771,Médio,0,11431.341459910847,Não,Casado,Graduação,Bom,6159.171548264229
739,51,27278,Médio,1,40684.95794486289,Não,Casado,Ensino Médio,Médio,7888.2574608924215
740,32,115019,Bom,0,38195.827521494444,Sim,Divorciado,Graduação,Ruim,5813.341620619354
741,67,119796,Bom,3,20782.447231259477,Sim,Casado,Graduação,Ruim,4178.481579679188
742,25,56535,Ruim,2,-297.12286414629205,Sim,Solteiro,Pós-Graduação,Ruim,8576.744199521498
743,61,35101,Bom,4,48762.486695795174,Sim,Divorciado,Pós-Graduação,Médio,8632.919107062262
744,64,70306,Ruim,3,5759.079852008531,Sim,Solteiro,Ensino Médio,Ruim,6405.18313054771
745,66,109753,Bom,2,42422.55650620421,Não,Solteiro,Ensino Médio,Bom,6812.480023805158
746,51,116376,Bom,2,38867.87741816837,Sim,Solteiro,Pós-Graduação,Bom,6108.273337872029
747,35,103584,Ruim,2,46841.86486727961,Não,Solteiro,Ensino Médio,Médio,8257.098635508084
748,47,39807,Médio,0,38443.32549334973,Sim,Solteiro,Ensino Médio,Bom,9096.625580684322
749,30,85720,Ruim,0,15899.95113217846,Não,Solteiro,Graduação,Bom,2016.0953637727052
750,64,60046,Médio,3,10827.616214122641,Sim,Solteiro,Pós-Graduação,Bom,9789.015970271561
751,50,64742,Bom,3,18262.23184072716,Sim,Solteiro,Ensino Médio,Bom,4752.965895783319
752,52,90610,Médio,1,9357.445696350404,Não,Divorciado,Graduação,Bom,5193.018733377538
753,69,51318,Ruim,1,35698.31213499249,Não,Solteiro,Graduação,Ruim,4941.465603533459
754,41,52511,Bom,1,41152.450257199635,Sim,Casado,Pós-Graduação,Médio,8754.907066631098
755,43,98587,Médio,2,31968.38351225965,Sim,Divorciado,Pós-Graduação,Bom,7894.341111524024
756,64,71917,Médio,4,8490.729296764206,Sim,Casado,Pós-Graduação,Médio,3431.2871407582415
757,68,26462,Ruim,1,906.6202624609314,Sim,Solteiro,Ensino Médio,Bom,5264.748446063524
758,61,73203,Bom,3,28600.46460970519,Não,Divorciado,Ensino Médio,Médio,2021.8138524961473
759,59,67263,Bom,4,22596.32835906029,Sim,Divorciado,Pós-Graduação,Médio,8424.906569891717
760,64,24983,Médio,1,9184.900338150652,Não,Casado,Graduação,Bom,3890.2438097554113
761,18,93628,Médio,0,17772.279013234845,Não,Divorciado,Graduação,Médio,2664.1335223473793
762,30,79707,Médio,1,26614.779036056614,Não,Casado,Pós-Graduação,Médio,7286.151749476225
763,27,82968,Bom,1,31278.772726105555,Sim,Divorciado,Ensino Médio,Médio,3752.764849372564
764,36,49011,Médio,2,23308.83265468373,Não,Divorciado,Pós-Graduação,Bom,6392.061469438537
765,22,113992,Médio,2,48541.0339085058,Sim,Solteiro,Pós-Graduação,Bom,3289.639234161623
766,25,62344,Bom,1,1357.546424013657,Não,Solteiro,Ensino Médio,Bom,8320.86682211677
767,21,115609,Bom,2,32568.60356437182,Sim,Solteiro,Graduação,Ruim,9855.788201769503
768,66,109689,Ruim,0,45387.45299117911,Não,Solteiro,Graduação,Médio,2859.9364654951646
769,30,97807,Bom,4,11064.774766774475,Sim,Casado,Graduação,Ruim,8731.300886978777
770,55,23869,Bom,4,9899.066591526022,Não,Divorciado,Pós-Graduação,Bom,5918.316416621746
771,63,84284,Ruim,2,37873.87318161169,Sim,Divorciado,Pós-Graduação,Bom,2411.286922381148
772,66,45652,Bom,1,23805.063499367036,Não,Solteiro,Graduação,Ruim,6170.460760334884
773,63,84810,Ruim,0,49601.05284159198,Sim,Divorciado,Pós-Graduação,Bom,5855.383353787378
774,36,112810,Bom,0,29045.30464507732,Não,Solteiro,Graduação,Médio,9131.304023448894
775,69,56564,Ruim,3,46095.53860788763,Não,Solteiro,Graduação,Médio,4723.134297630262
776,67,25393,Médio,2,-377.26349716548293,Não,Divorciado,Pós-Graduação,Bom,8059.937332612578
777,25,64711,Médio,3,6881.5206442609615,Sim,Solteiro,Graduação,Médio,3058.448080357528
778,44,54274,Médio,2,33905.37128233107,Não,Casado,Ensino Médio,Bom,5108.026020463114
779,67,110305,Ruim,3,20239.784864769746,Não,Solteiro,Graduação,Médio,6314.87069142035
780,64,35920,Médio,1,41634.193040877995,Não,Solteiro,Ensino Médio,Médio,3452.178442357371
781,47,100086,Bom,2,20873.802720382424,Sim,Casado,Ensino Médio,Bom,3582.1602382740753
782,21,27213,Ruim,4,35362.83151410427,Não,Solteiro,Graduação,Médio,3962.727053724777
783,28,53914,Bom,2,27874.160868706367,Sim,Solteiro,Graduação,Ruim,7942.371572975836
784,38,82998,Bom,4,5115.081933759765,Sim,Solteiro,Pós-Graduação,Ruim,9547.927247291287
785,60,48903,Bom,3,35615.51154205865,Sim,Casado,Ensino Médio,Bom,3017.2423588463894
786,19,42014,Ruim,3,35024.9618687326,Sim,Solteiro,Pós-Graduação,Bom,6383.519521422778
787,38,35708,Bom,1,4901.62571187395,Não,Solteiro,Graduação,Ruim,3176.830199039969
788,34,37729,Médio,4,27657.48434819418,Sim,Divorciado,Ensino Médio,Bom,2434.0466905162234
789,60,21365,Ruim,1,16118.150894984636,Sim,Casado,Graduação,Bom,2315.6565787642426
790,68,83298,Médio,0,22401.338884334553,Sim,Casado,Pós-Graduação,Médio,5431.251865196615
791,46,99392,Ruim,4,20560.693344569572,Sim,Casado,Pós-Graduação,Médio,5402.5820743442355
792,44,104402,Bom,2,4343.494616708619,Sim,Solteiro,Pós-Graduação,Bom,7313.539496389708
793,41,76227,Médio,4,7059.172300855267,Sim,Casado,Graduação,Bom,5119.454079752315
794,66,46613,Ruim,3,3427.2394233261602,Sim,Casado,Graduação,Bom,3837.7313569827925
795,20,38583,Bom,1,8814.797693771457,Sim,Solteiro,Pós-Graduação,Bom,2770.4264440017823
796,56,36371,Bom,0,42474.66371138502,Não,Divorciado,Ensino Médio,Médio,6569.26207863361
797,27,22170,Ruim,1,250.65511240957812,Não,Casado,Ensino Médio,Ruim,3738.708241622957
798,20,71282,Ruim,0,21012.479764629657,Sim,Casado,Graduação,Médio,5017.204129529233
799,62,57990,Ruim,3,39847.755823857624,Não,Casado,Pós-Graduação,Médio,2140.2427077026023
800,59,102009,Ruim,1,4113.168430896895,Não,Casado,Ensino Médio,Médio,3992.3364704207866
801,43,78094,Médio,2,10613.393098107197,Sim,Solteiro,Graduação,Bom,7208.022482349155
802,54,23185,Ruim,2,36099.425085472634,Não,Casado,Ensino Médio,Bom,2985.102514071116
803,44,28347,Bom,1,32025.17406226098,Não,Solteiro,Ensino Médio,Bom,7290.8430735937345
804,22,119841,Médio,1,27714.21567247347,Não,Solteiro,Graduação,Bom,8883.366666340717
805,59,55081,Bom,0,7753.681648037218,Não,Divorciado,Ensino Médio,Bom,8954.951415532316
806,28,97939,Bom,1,39521.08161025915,Sim,Casado,Graduação,Bom,3259.1667929820296
807,30,87409,Ruim,0,6212.119705946098,Sim,Casado,Ensino Médio,Bom,5738.661219353828
808,58,32683,Médio,1,5874.692630876277,Sim,Casado,Ensino Médio,Bom,9156.509256209063
809,51,41568,Ruim,1,39546.78725947107,Não,Divorciado,Graduação,Bom,7839.409602492263
810,55,55063,Bom,4,17830.38972208784,Não,Casado,Pós-Graduação,Ruim,8931.091027842642
811,57,39961,Ruim,0,14943.472912090689,Não,Solteiro,Pós-Graduação,Bom,5095.144098613957
812,50,117469,Ruim,3,13212.274616822058,Não,Casado,Pós-Graduação,Bom,5992.101314750487
813,51,110166,Ruim,2,15573.577424747673,Sim,Divorciado,Graduação,Bom,9160.912423076541
814,44,37700,Ruim,0,16369.967585087867,Não,Casado,Graduação,Ruim,5432.109686764372
815,53,113310,Ruim,1,34514.75237393352,Não,Divorciado,Ensino Médio,Bom,7361.341631224532
816,43,28211,Ruim,2,11253.372258714897,Sim,Casado,Ensino Médio,Médio,5396.726176067443
817,68,119311,Médio,1,15591.649127169148,Sim,Divorciado,Pós-Graduação,Bom,7664.051842442211
818,42,105701,Ruim,3,38586.78693197337,Sim,Casado,Graduação,Médio,6905.798525922883
819,36,101598,Médio,0,45570.67923899931,Não,Casado,Ensino Médio,Médio,5532.8279454994745
820,38,51940,Ruim,0,30254.634481650046,Não,Divorciado,Pós-Graduação,Ruim,6392.1759842391775
821,48,74441,Médio,1,4361.0297026031585,Não,Casado,Graduação,Médio,6785.191149901785
822,46,39088,Bom,1,26620.817696139766,Sim,Divorciado,Graduação,Bom,9032.465620838335
823,26,101541,Médio,0,31016.72258544472,Não,Casado,Pós-Graduação,Bom,7414.96950996715
824,36,46720,Médio,1,15016.687547354322,Não,Solteiro,Ensino Médio,Médio,7710.035785422699
825,43,49827,Bom,0,41228.01901927176,Não,Divorciado,Pós-Graduação,Bom,9759.412735339149
826,42,37800,Ruim,4,38886.019348616086,Sim,Divorciado,Ensino Médio,Ruim,2541.2940557500115
827,57,74078,Ruim,3,28340.642042734788,Não,Casado,Ensino Médio,Bom,3500.90850734352
828,60,111996,Médio,0,6395.795060782707,Não,Solteiro,Graduação,Ruim,4544.9783446642095
829,46,21193,Ruim,3,34566.454749888675,Sim,Divorciado,Graduação,Bom,9568.538749256697
830,42,62826,Ruim,3,44662.78185591763,Não,Solteiro,Graduação,Bom,3828.440206082927
831,36,77446,Bom,4,11755.156598435051,Não,Divorciado,Graduação,Médio,6520.756582227149
832,21,29820,Ruim,0,47892.980679884415,Não,Casado,Pós-Graduação,Médio,2942.089043771177
833,62,68223,Ruim,1,38336.42224854446,Sim,Solteiro,Graduação,Bom,4165.337629964021
834,37,86443,Médio,1,14316.40031373473,Não,Solteiro,Graduação,Bom,4208.877717702806
835,63,65639,Ruim,0,30457.87732969067,Sim,Divorciado,Ensino Médio,Bom,7667.73010341619
836,18,100759,Ruim,0,14700.244536115419,Não,Solteiro,Graduação,Bom,2870.6326554936413
837,28,117338,Médio,3,4072.8616807885974,Não,Casado,Graduação,Bom,8055.875952549078
838,21,53865,Médio,3,41031.582150654955,Sim,Solteiro,Pós-Graduação,Bom,4428.3694866254755
839,24,71032,Médio,2,32956.15875996065,Sim,Solteiro,Graduação,Bom,7867.763377021444
840,45,55560,Ruim,3,30314.033215316816,Não,Casado,Graduação,Bom,4932.488923314013
841,53,78593,Ruim,0,6250.816916374904,Não,Solteiro,Pós-Graduação,Ruim,5411.20846976707
842,24,81243,Ruim,2,18246.23277165965,Não,Solteiro,Graduação,Bom,3006.646079230336
843,37,106734,Ruim,3,43708.44008025047,Sim,Casado,Graduação,Médio,2854.7352765537894
844,52,67085,Ruim,1,7328.5274996222215,Não,Casado,Pós-Graduação,Ruim,6334.7347235944835
845,68,64559,Ruim,3,1443.047236853045,Sim,Solteiro,Pós-Graduação,Médio,7096.561227500729
846,68,94756,Médio,3,8748.72532139894,Sim,Casado,Graduação,Bom,2737.0453626226504
847,56,83382,Médio,3,11759.180365918064,Não,Solteiro,Graduação,Médio,3115.45795030718
848,38,21716,Ruim,3,38965.76871206005,Sim,Divorciado,Pós-Graduação,Médio,2259.54200818774
849,61,67170,Bom,4,32055.215030655905,Não,Divorciado,Pós-Graduação,Bom,3299.2695828948263
850,18,105831,Médio,0,-115.51991286889927,Sim,Solteiro,Pós-Graduação,Médio,3780.6201669906513
851,54,27533,Ruim,2,-118.22771019897095,Não,Solteiro,Ensino Médio,Bom,7525.6247636242515
852,63,46952,Médio,0,27911.717868802825,Sim,Solteiro,Graduação,Bom,2521.717177733006
853,59,28527,Bom,3,31297.914561292728,Sim,Casado,Pós-Graduação,Médio,7499.252073093742
854,20,113993,Médio,1,5396.5159266932515,Sim,Solteiro,Ensino Médio,Médio,5243.427789294881
855,51,118966,Médio,2,30133.56975626152,Sim,Casado,Graduação,Médio,3143.6297865905053
856,30,34809,Médio,0,11257.947431396544,Sim,Casado,Graduação,Bom,9858.633386252644
857,33,94969,Médio,1,16172.788465487905,Sim,Solteiro,Pós-Graduação,Bom,6034.152176663569
858,51,41395,Ruim,3,19850.410599601408,Não,Divorciado,Ensino Médio,Bom,4353.474220238088
859,41,60766,Bom,1,4925.934607948262,Sim,Solteiro,Pós-Graduação,Bom,2444.041371510166
860,30,28989,Ruim,0,48117.77387769271,Não,Divorciado,Ensino Médio,Ruim,4514.573152746152
861,23,31133,Médio,2,48661.98713500561,Sim,Casado,Ensino Médio,Ruim,6899.649850336665
862,56,42627,Médio,0,21695.086143559776,Sim,Divorciado,Pós-Graduação,Bom,3966.1832951003407
863,19,52282,Médio,1,12130.790382094008,Sim,Solteiro,Graduação,Médio,6553.931607679292
864,28,31111,Bom,1,47888.31677279087,Não,Divorciado,Graduação,Bom,4226.225011164416
865,24,49951,Bom,0,40720.92722390673,Sim,Divorciado,Graduação,Ruim,2355.635419324217
866,24,27752,Ruim,0,35935.658883469834,Não,Solteiro,Ensino Médio,Bom,5305.330095217892
867,56,102175,Médio,0,22552.401151159604,Não,Divorciado,Graduação,Bom,4852.962301681487
868,56,109955,Bom,1,19939.51377349978,Não,Solteiro,Ensino Médio,Médio,3967.1212765597884
869,29,59538,Médio,4,38746.81288611944,Sim,Solteiro,Graduação,Bom,6231.774652474976
870,68,85198,Ruim,0,25500.29756599596,Não,Divorciado,Pós-Graduação,Médio,5116.982594577636
871,39,78890,Ruim,3,32689.689079861215,Sim,Divorciado,Pós-Graduação,Médio,9599.563742384167
872,68,36074,Bom,1,27875.84206202901,Sim,Divorciado,Ensino Médio,Bom,6969.83298732206
873,68,51231,Ruim,4,35321.45576471951,Não,Divorciado,Ensino Médio,Médio,4865.233143429632
874,69,107391,Bom,2,3799.3552079984483,Sim,Divorciado,Graduação,Ruim,3714.6935475646587
875,20,49659,Médio,4,18258.675724425128,Não,Solteiro,Graduação,Ruim,7320.990869154934
876,30,21677,Bom,2,7521.548614003119,Não,Divorciado,Ensino Médio,Médio,9361.02975318681
877,47,41454,Ruim,4,11344.238901200315,Sim,Solteiro,Graduação,Bom,7016.904885790785
878,27,91685,Médio,1,9242.038103447221,Não,Divorciado,Ensino Médio,Ruim,8635.137941150451
879,69,44983,Ruim,3,24669.437264497123,Sim,Divorciado,Graduação,Bom,7473.8293687837695
880,26,91271,Médio,1,-31.357585994146007,Não,Divorciado,Graduação,Bom,9577.452036067849
881,23,35409,Médio,4,48162.34770243065,Sim,Divorciado,Ensino Médio,Médio,5257.671248863953
882,61,70533,Médio,4,25467.15514688813,Sim,Casado,Pós-Graduação,Bom,8181.801985273179
883,19,115078,Médio,2,1681.1472244238385,Não,Casado,Pós-Graduação,Bom,6073.4877497741645
884,61,38293,Ruim,0,33784.74585844972,Não,Divorciado,Graduação,Médio,2395.931737245027
885,33,76248,Bom,1,12713.290554991703,Sim,Casado,Ensino Médio,Médio,2106.097922028617
886,30,84939,Médio,2,4445.147222009921,Não,Casado,Graduação,Médio,5400.987720198457
887,65,89784,Ruim,4,41345.487984724736,Sim,Solteiro,Graduação,Médio,7279.79512391425
888,30,105329,Ruim,4,9093.287748630533,Sim,Casado,Pós-Graduação,Médio,8906.180299091406
889,39,82997,Ruim,0,4342.467711841199,Não,Solteiro,Pós-Graduação,Bom,2260.9852778077366
890,36,108030,Bom,1,1902.2290827954312,Sim,Divorciado,Graduação,Médio,9534.75281060423
891,43,65119,Ruim,4,36156.44492024252,Sim,Divorciado,Pós-Graduação,Bom,9078.08409591022
892,31,74617,Ruim,3,32418.833613461167,Sim,Divorciado,Graduação,Bom,8988.937636783428
893,48,119869,Bom,0,-581.8438301102224,Não,Casado,Pós-Graduação,Ruim,7141.35824769162
894,46,109381,Ruim,0,10295.507562863488,Sim,Divorciado,Graduação,Bom,5733.264498647453
895,62,104913,Ruim,2,34938.783586954225,Não,Solteiro,Pós-Graduação,Bom,8431.951552281276
896,59,107208,Bom,2,6759.183589901569,Sim,Casado,Ensino Médio,Médio,3649.3935937185397
897,39,90129,Bom,2,28414.28993943439,Sim,Casado,Graduação,Bom,4338.33259150567
898,24,96138,Bom,4,9870.979804357472,Não,Solteiro,Graduação,Bom,3381.546399564295
899,54,76543,Médio,0,21910.94852535015,Sim,Casado,Pós-Graduação,Ruim,9983.854496756847
900,66,95040,Bom,1,43238.57615189083,Sim,Casado,Graduação,Bom,3537.4502701142856
901,58,59105,Médio,3,14432.417792350287,Sim,Solteiro,Ensino Médio,Médio,7606.007348993759
902,44,25241,Médio,4,33984.59188618679,Não,Divorciado,Pós-Graduação,Bom,5696.578157655231
903,48,102293,Bom,4,21352.34287192286,Não,Casado,Ensino Médio,Bom,2266.3622794198054
904,23,20833,Médio,1,3903.9179693759033,Sim,Solteiro,Pós-Graduação,Bom,2650.1082931070778
905,33,75332,Ruim,4,17392.38467624185,Sim,Casado,Pós-Graduação,Bom,9435.426915655797
906,55,34074,Ruim,1,41905.283383753485,Não,Solteiro,Pós-Graduação,Bom,7956.341500678639
907,55,22073,Bom,1,48625.35835567964,Não,Casado,Pós-Graduação,Médio,6368.078279253068
908,67,97772,Médio,0,42099.16520141627,Não,Divorciado,Ensino Médio,Ruim,3675.718420230112
909,49,91752,Ruim,4,7273.647929451085,Sim,Solteiro,Graduação,Médio,2050.849115606768
910,50,67628,Médio,4,16620.974220903317,Sim,Divorciado,Ensino Médio,Ruim,8181.1993376940445
911,66,50403,Médio,3,41390.59608894426,Sim,Solteiro,Graduação,Médio,4498.388936606514
912,34,42922,Ruim,1,27248.692654184037,Não,Casado,Ensino Médio,Médio,3712.324637360751
913,50,108583,Bom,3,38585.475652834815,Não,Casado,Pós-Graduação,Bom,3378.492216973034
914,28,37332,Médio,3,38666.94659745629,Não,Casado,Pós-Graduação,Médio,8470.371078251468
915,30,35452,Ruim,3,2625.4829321361,Não,Casado,Ensino Médio,Bom,6965.063249504043
916,47,117806,Bom,2,16462.73484565218,Não,Solteiro,Graduação,Bom,7130.406224487694
917,18,38888,Médio,0,23430.096778101328,Não,Solteiro,Pós-Graduação,Bom,9403.49807590095
918,47,114254,Médio,1,47206.46080059979,Não,Casado,Pós-Graduação,Médio,9134.392348635556
919,44,58115,Médio,4,44809.66885181621,Sim,Divorciado,Pós-Graduação,Médio,7443.689878858672
920,57,55025,Médio,2,20574.63112949221,Sim,Casado,Pós-Graduação,Bom,9688.215498875827
921,40,86711,Bom,2,3878.9623018326674,Sim,Divorciado,Ensino Médio,Bom,3831.6880649305567
922,37,107669,Médio,2,19631.65663089947,Não,Solteiro,Pós-Graduação,Bom,2156.8178644954533
923,23,70357,Ruim,4,26331.06996470532,Não,Solteiro,Ensino Médio,Bom,9373.654223422012
924,54,106540,Ruim,2,45124.256761350596,Não,Casado,Graduação,Ruim,4114.623806000652
925,37,85031,Ruim,2,14038.842624202069,Sim,Casado,Graduação,Médio,9784.823737379538
926,54,107471,Bom,4,14752.071429118354,Não,Casado,Ensino Médio,Ruim,3792.3124708333385
927,23,30350,Ruim,0,30986.34496193989,Sim,Solteiro,Ensino Médio,Médio,4227.6767631226685
928,46,110791,Médio,2,24764.76930864033,Sim,Casado,Ensino Médio,Bom,9275.59858220031
929,30,85374,Médio,1,8989.316911999133,Sim,Casado,Graduação,Bom,8501.241262139938
930,44,58547,Ruim,0,6381.0896909715475,Não,Divorciado,Ensino Médio,Ruim,2779.1298069275986
931,67,54026,Bom,4,23964.357700072676,Sim,Solteiro,Pós-Graduação,Bom,6603.769988220482
932,37,54669,Bom,0,38748.9387764143,Sim,Casado,Pós-Graduação,Bom,3262.012849787985
933,30,25042,Médio,0,38720.39382939616,Não,Divorciado,Pós-Graduação,Ruim,2573.37260219676
934,56,101473,Médio,3,48765.98805335013,Não,Divorciado,Ensino Médio,Ruim,6899.054630437222
935,25,69746,Ruim,4,18518.628106057728,Sim,Casado,Ensino Médio,Médio,2624.420162799387
936,34,103406,Bom,0,18991.45566732331,Sim,Solteiro,Graduação,Médio,5775.159886848325
937,47,83483,Ruim,4,-907.2057661930093,Não,Divorciado,Ensino Médio,Bom,6916.102090083009
938,18,49785,Médio,2,41325.78562496995,Não,Solteiro,Ensino Médio,Bom,9512.82137356784
939,41,52869,Médio,4,31978.050647470583,Sim,Divorciado,Pós-Graduação,Médio,9370.17759276717
940,33,47000,Ruim,0,38266.02805532643,Sim,Divorciado,Pós-Graduação,Bom,6859.659635907277
941,28,73432,Bom,4,23001.783197184955,Não,Solteiro,Ensino Médio,Bom,6021.700152884214
942,21,34920,Médio,3,45929.867920684104,Não,Divorciado,Pós-Graduação,Médio,7203.129458025489
943,21,63042,Médio,3,484.8036894684342,Não,Casado,Pós-Graduação,Bom,9399.723942648077
944,34,70138,Bom,3,4879.340319632305,Não,Casado,Ensino Médio,Médio,9927.52335907254
945,66,61483,Médio,4,18176.88408354666,Sim,Divorciado,Graduação,Bom,2264.7226632753313
946,27,104588,Bom,0,3340.4013137921775,Sim,Casado,Pós-Graduação,Médio,9756.416710109212
947,38,30600,Bom,2,3482.2819802186677,Não,Solteiro,Graduação,Médio,8425.48783552337
948,55,59332,Médio,1,27910.5066468778,Sim,Solteiro,Pós-Graduação,Bom,2600.038718418209
949,66,40350,Ruim,2,10022.222998065792,Não,Casado,Pós-Graduação,Bom,8401.343027271298
950,35,72401,Médio,3,30953.295738413603,Sim,Casado,Pós-Graduação,Ruim,7301.063282749341
951,27,40428,Médio,0,46399.39092940817,Sim,Casado,Pós-Graduação,Ruim,9245.903530860649
952,62,58704,Médio,4,41017.99269485959,Não,Solteiro,Graduação,Bom,5662.378253381217
953,33,106602,Médio,4,11669.949765244224,Não,Divorciado,Ensino Médio,Bom,6026.707703824809
954,56,113323,Ruim,0,3572.809231677472,Não,Casado,Pós-Graduação,Médio,8698.50649608558
955,32,100477,Ruim,0,47459.815879011934,Sim,Casado,Pós-Graduação,Bom,5870.302356154297
956,51,65770,Ruim,3,49719.29250003956,Não,Solteiro,Pós-Graduação,Médio,6210.943211042577
957,22,55569,Bom,3,18099.23987272414,Não,Divorciado,Pós-Graduação,Médio,3954.8710319676147
958,34,27463,Ruim,0,22494.54031827061,Sim,Solteiro,Ensino Médio,Médio,4643.380096513043
959,54,111658,Bom,3,6412.016727833393,Sim,Casado,Graduação,Médio,4301.187003063127
960,25,78114,Médio,1,35219.22043166175,Sim,Solteiro,Graduação,Médio,2365.3057429333144
961,41,111513,Ruim,4,20513.513949494885,Sim,Divorciado,Graduação,Bom,6664.270318081884
962,45,25103,Ruim,3,39953.77240797487,Sim,Solteiro,Ensino Médio,Bom,8741.21203073953
963,64,52843,Ruim,3,28442.13228265309,Não,Solteiro,Graduação,Bom,8162.501227985355
964,25,21966,Ruim,3,1181.9742674983195,Não,Divorciado,Graduação,Bom,3972.6851165261705
965,40,24090,Ruim,0,16082.681565683466,Não,Casado,Ensino Médio,Médio,6690.477512133098
966,52,56483,Médio,1,40238.40470417784,Sim,Solteiro,Ensino Médio,Médio,5923.4452505489735
967,48,71472,Ruim,3,34093.80795058027,Não,Solteiro,Ensino Médio,Bom,8532.431383532712
968,34,35679,Bom,1,31259.129316324692,Sim,Divorciado,Pós-Graduação,Ruim,4827.839384835445
969,45,35168,Bom,1,33297.73675811999,Sim,Casado,Graduação,Médio,2292.775608574269
970,65,89414,Ruim,0,29856.880656803507,Sim,Divorciado,Graduação,Ruim,9098.206496162024
971,65,89892,Bom,3,31697.340655966298,Sim,Casado,Ensino Médio,Ruim,7362.243424656795
972,68,100387,Ruim,1,30641.47633668442,Não,Casado,Pós-Graduação,Bom,3454.867682334224
973,29,73841,Médio,3,26204.82491473757,Sim,Solteiro,Ensino Médio,Bom,3645.6332627431166
974,41,88752,Bom,3,37645.10339679807,Não,Casado,Pós-Graduação,Bom,5185.59883966728
975,32,87966,Ruim,2,17844.120739582828,Não,Casado,Ensino Médio,Bom,5811.105870704784
976,57,84327,Bom,4,23237.155270665582,Não,Solteiro,Pós-Graduação,Médio,4642.401129515517
977,48,61624,Ruim,3,19473.927402904184,Sim,Solteiro,Ensino Médio,Médio,6125.363611980736
978,44,44726,Bom,0,9669.7350472183,Sim,Casado,Graduação,Bom,9139.602001578285
979,52,40028,Médio,4,15416.3370874941,Não,Casado,Ensino Médio,Médio,7039.685659837001
980,35,62203,Bom,0,1805.7689581049335,Não,Casado,Pós-Graduação,Bom,4956.233200816403
981,53,25000,Bom,0,15601.90933005315,Sim,Divorciado,Pós-Graduação,Bom,8883.544641531707
982,25,50425,Bom,0,18919.737739589586,Não,Solteiro,Ensino Médio,Ruim,7565.784407801447
983,63,59206,Bom,2,3762.588980090015,Sim,Casado,Graduação,Médio,6749.790786221439
984,66,87124,Ruim,4,10243.211615316932,Não,Casado,Graduação,Médio,6132.145324546641
985,55,118017,Médio,0,11726.62911958489,Não,Solteiro,Graduação,Médio,2702.696398622353
986,22,71544,Médio,2,10600.980618643129,Sim,Casado,Graduação,Bom,6743.4811006169175
987,31,68447,Bom,4,16861.306777721413,Sim,Casado,Pós-Graduação,Bom,5186.074224036451
988,55,96693,Bom,0,6388.681358568666,Não,Casado,Pós-Graduação,Bom,6402.632353837888
989,37,71615,Médio,0,36306.56919906692,Sim,Casado,Graduação,Ruim,2992.5201668388154
990,61,28947,Médio,3,16475.39762120541,Sim,Divorciado,Graduação,Bom,8289.420450760204
991,26,51397,Médio,4,5240.626935106597,Não,Casado,Ensino Médio,Ruim,6095.648371460033
992,50,116007,Médio,1,29273.58884766593,Não,Casado,Graduação,Bom,8647.444459900797
993,35,105654,Bom,0,8162.056930988558,Sim,Solteiro,Ensino Médio,Bom,3654.4980769597496
994,23,81052,Médio,0,1960.8723545623802,Sim,Divorciado,Graduação,Ruim,9504.673287643243
995,54,45898,Bom,0,7327.899243261885,Não,Solteiro,Pós-Graduação,Ruim,6625.477546777428
996,19,75483,Bom,3,20419.735414506238,Sim,Casado,Graduação,Bom,2605.4856455015783
997,47,96511,Médio,3,34368.95756829922,Sim,Solteiro,Ensino Médio,Bom,4509.7413642518895
998,23,108009,Ruim,3,31716.545123334265,Não,Divorciado,Pós-Graduação,Médio,9861.479260290886
999,34,36243,Bom,4,-734.4950526489179,Não,Casado,Pós-Graduação,Bom,6906.672955091993
